SpriteSheet,Frame,X,Y
cursor\arrow,0,63,63
cursor\arrow,1,63,63
cursor\arrow,2,63,63
cursor\arrow,3,63,63
cursor\arrow,4,63,63
cursor\drag,0,55,53
cursor\drag,1,55,53
cursor\drag,2,55,53
cursor\drag,3,55,53
cursor\illegal,0,56,60
cursor\illegal,1,56,60
cursor\illegal,2,56,60
cursor\illegal,3,56,60
cursor\illegal,4,56,60
cursor\magg,0,44,51
cursor\magg,1,44,51
cursor\magg,2,44,51
cursor\magg,3,44,51
cursor\magg,4,48,51
cursor\magg,5,51,51
cursor\magg,6,51,51
cursor\magg,7,51,52
cursor\magg,8,48,55
cursor\magg,9,44,56
cursor\magg,10,44,56
cursor\magg,11,44,55
cursor\magg,12,44,52
cursor\magg,13,44,51
cursor\magr,0,44,51
cursor\magr,1,44,51
cursor\magr,2,44,51
cursor\magr,3,44,51
cursor\magr,4,48,51
cursor\magr,5,51,51
cursor\magr,6,51,51
cursor\magr,7,51,52
cursor\magr,8,48,55
cursor\magr,9,44,56
cursor\magr,10,44,56
cursor\magr,11,44,55
cursor\magr,12,44,52
cursor\magr,13,44,51
cursor\magy,0,44,51
cursor\magy,1,44,51
cursor\magy,2,44,51
cursor\magy,3,44,51
cursor\magy,4,48,51
cursor\magy,5,51,51
cursor\magy,6,51,51
cursor\magy,7,51,52
cursor\magy,8,48,55
cursor\magy,9,44,56
cursor\magy,10,44,56
cursor\magy,11,44,55
cursor\magy,12,44,52
cursor\magy,13,44,51
cursor\scrolld,0,46,43
cursor\scrolld,1,46,43
cursor\scrolldl,0,63,36
cursor\scrolldl,1,63,36
cursor\scrolldr,0,35,36
cursor\scrolldr,1,35,36
cursor\scrolll,0,63,46
cursor\scrolll,1,63,46
cursor\scrollr,0,43,45
cursor\scrollr,1,43,45
cursor\scrollu,0,45,63
cursor\scrollu,1,45,63
cursor\scrollul,0,63,63
cursor\scrollul,1,63,63
cursor\scrollur,0,35,63
cursor\scrollur,1,35,63
cursor\targg,0,50,54
cursor\targg,1,51,55
cursor\targn,0,51,55
cursor\targr,0,50,54
cursor\targr,1,51,55
cursor\targy,0,50,54
cursor\targy,1,51,55
cursor\time,0,40,53
unit\bullet\blastcan,0,5,10
unit\bullet\blastcan,1,5,12
unit\bullet\blastcan,2,4,10
unit\bullet\blastcan,3,6,9
unit\bullet\blastcan,4,6,9
unit\bullet\blastcan,5,7,8
unit\bullet\blastcan,6,8,8
unit\bullet\blastcan,7,8,8
unit\bullet\blastcan,8,10,8
unit\bullet\blastcan,9,9,9
unit\bullet\blastcan,10,8,8
unit\bullet\blastcan,11,8,9
unit\bullet\blastcan,12,6,9
unit\bullet\blastcan,13,6,9
unit\bullet\blastcan,14,5,11
unit\bullet\blastcan,15,5,9
unit\bullet\blastcan,16,5,11
unit\bullet\circle14,0,2,2
unit\bullet\dragbull,0,6,8
unit\bullet\dragbull,1,6,8
unit\bullet\dragbull,2,7,8
unit\bullet\dragbull,3,8,7
unit\bullet\dragbull,4,8,8
unit\bullet\epbbul,0,21,20
unit\bullet\epbbul,1,17,16
unit\bullet\epbbul,2,16,16
unit\bullet\epbbul,3,12,17
unit\bullet\epbbul,4,11,16
unit\bullet\epbbul,5,11,15
unit\bullet\epbbul,6,14,16
unit\bullet\epbbul,7,14,17
unit\bullet\epbbul,8,16,16
unit\bullet\epbbul,9,17,16
unit\bullet\epbbul,10,22,20
unit\bullet\epbbul,11,21,20
unit\bullet\epbbul,12,22,20
unit\bullet\ephfire,0,22,7
unit\bullet\ephfire,1,20,7
unit\bullet\ephfire,2,15,6
unit\bullet\ephfire,3,11,6
unit\bullet\ephfire,4,12,7
unit\bullet\ephfire,5,6,1
unit\bullet\ephfire,6,17,5
unit\bullet\ephfire,7,12,7
unit\bullet\ephfire,8,11,6
unit\bullet\ephfire,9,15,6
unit\bullet\ephfire,10,20,7
unit\bullet\ephfire,11,22,7
unit\bullet\ephfire,12,22,7
unit\bullet\ephfire,13,20,7
unit\bullet\ephfire,14,15,6
unit\bullet\ephfire,15,11,6
unit\bullet\ephfire,16,12,7
unit\bullet\ephfire,17,6,1
unit\bullet\ephfire,18,17,5
unit\bullet\ephfire,19,12,7
unit\bullet\ephfire,20,11,6
unit\bullet\ephfire,21,15,6
unit\bullet\ephfire,22,20,7
unit\bullet\ephfire,23,22,7
unit\bullet\explo1,0,14,25
unit\bullet\explo1,1,11,20
unit\bullet\explo1,2,10,14
unit\bullet\explo1,3,10,10
unit\bullet\explo1,4,12,10
unit\bullet\explo1,5,14,11
unit\bullet\explo1,6,15,12
unit\bullet\explo1,7,18,12
unit\bullet\explo1,8,22,14
unit\bullet\explo1,9,33,20
unit\bullet\eycbull,0,29,12
unit\bullet\eycbull,1,32,13
unit\bullet\eycbull,2,26,14
unit\bullet\eycbull,3,16,16
unit\bullet\eycbull,4,9,18
unit\bullet\eycbull,5,3,21
unit\bullet\eycbull,6,0,23
unit\bullet\eycbull,7,0,27
unit\bullet\eycbull,8,0,28
unit\bullet\eycbull,9,0,30
unit\bullet\eycbull,10,4,27
unit\bullet\eycbull,11,9,23
unit\bullet\eycbull,12,15,18
unit\bullet\eycbull,13,21,15
unit\bullet\eycbull,14,29,13
unit\bullet\eycbull,15,28,11
unit\bullet\eycbull,16,27,10
unit\bullet\eycbull,17,29,12
unit\bullet\eycbull,18,32,13
unit\bullet\eycbull,19,26,14
unit\bullet\eycbull,20,16,16
unit\bullet\eycbull,21,9,18
unit\bullet\eycbull,22,3,21
unit\bullet\eycbull,23,0,23
unit\bullet\eycbull,24,0,27
unit\bullet\eycbull,25,0,28
unit\bullet\eycbull,26,0,30
unit\bullet\eycbull,27,4,27
unit\bullet\eycbull,28,9,23
unit\bullet\eycbull,29,15,18
unit\bullet\eycbull,30,21,15
unit\bullet\eycbull,31,29,13
unit\bullet\eycbull,32,28,11
unit\bullet\eycbull,33,27,10
unit\bullet\eycbull,34,29,12
unit\bullet\eycbull,35,32,13
unit\bullet\eycbull,36,26,14
unit\bullet\eycbull,37,16,16
unit\bullet\eycbull,38,9,18
unit\bullet\eycbull,39,3,21
unit\bullet\eycbull,40,0,23
unit\bullet\eycbull,41,0,27
unit\bullet\eycbull,42,0,28
unit\bullet\eycbull,43,0,30
unit\bullet\eycbull,44,4,27
unit\bullet\eycbull,45,9,23
unit\bullet\eycbull,46,15,18
unit\bullet\eycbull,47,21,15
unit\bullet\eycbull,48,29,13
unit\bullet\eycbull,49,28,11
unit\bullet\eycbull,50,27,10
unit\bullet\eycbull,51,29,12
unit\bullet\eycbull,52,32,13
unit\bullet\eycbull,53,26,14
unit\bullet\eycbull,54,16,16
unit\bullet\eycbull,55,9,18
unit\bullet\eycbull,56,3,21
unit\bullet\eycbull,57,0,23
unit\bullet\eycbull,58,0,27
unit\bullet\eycbull,59,0,28
unit\bullet\eycbull,60,0,30
unit\bullet\eycbull,61,4,27
unit\bullet\eycbull,62,9,23
unit\bullet\eycbull,63,15,18
unit\bullet\eycbull,64,21,15
unit\bullet\eycbull,65,29,13
unit\bullet\eycbull,66,28,11
unit\bullet\eycbull,67,27,10
unit\bullet\gemini,0,5,10
unit\bullet\gemini,1,5,9
unit\bullet\gemini,2,5,8
unit\bullet\gemini,3,5,6
unit\bullet\gemini,4,5,7
unit\bullet\gemini,5,5,7
unit\bullet\gemini,6,6,8
unit\bullet\gemini,7,8,8
unit\bullet\gemini,8,9,8
unit\bullet\gemini,9,7,8
unit\bullet\gemini,10,7,8
unit\bullet\gemini,11,5,8
unit\bullet\gemini,12,5,8
unit\bullet\gemini,13,3,7
unit\bullet\gemini,14,4,9
unit\bullet\gemini,15,5,9
unit\bullet\gemini,16,4,10
unit\bullet\gemini,17,5,10
unit\bullet\gemini,18,5,9
unit\bullet\gemini,19,5,8
unit\bullet\gemini,20,5,6
unit\bullet\gemini,21,5,7
unit\bullet\gemini,22,6,8
unit\bullet\gemini,23,8,8
unit\bullet\gemini,24,9,8
unit\bullet\gemini,25,7,8
unit\bullet\gemini,26,7,8
unit\bullet\gemini,27,5,8
unit\bullet\gemini,28,5,8
unit\bullet\gemini,29,3,7
unit\bullet\gemini,30,4,9
unit\bullet\gemini,31,5,9
unit\bullet\gemini,32,4,10
unit\bullet\grenade,0,5,1
unit\bullet\grenade,1,5,5
unit\bullet\grenade,2,5,5
unit\bullet\grenade,3,1,5
unit\bullet\hks,0,6,6
unit\bullet\hks,1,6,6
unit\bullet\hks,2,4,6
unit\bullet\hks,3,4,6
unit\bullet\hks,4,3,6
unit\bullet\hks,5,3,6
unit\bullet\hks,6,4,8
unit\bullet\hks,7,4,8
unit\bullet\hks,8,3,6
unit\bullet\hks,9,3,6
unit\bullet\hks,10,4,5
unit\bullet\hks,11,4,5
unit\bullet\hks,12,5,4
unit\bullet\hks,13,5,4
unit\bullet\hks,14,6,4
unit\bullet\hks,15,6,4
unit\bullet\hks,16,7,4
unit\bullet\missile,0,12,8
unit\bullet\missile,1,12,8
unit\bullet\missile,2,10,8
unit\bullet\missile,3,8,9
unit\bullet\missile,4,6,9
unit\bullet\missile,5,5,10
unit\bullet\missile,6,3,10
unit\bullet\missile,7,3,10
unit\bullet\missile,8,3,10
unit\bullet\missile,9,3,10
unit\bullet\missile,10,4,9
unit\bullet\missile,11,5,8
unit\bullet\missile,12,7,7
unit\bullet\missile,13,9,6
unit\bullet\missile,14,11,5
unit\bullet\missile,15,12,5
unit\bullet\missile,16,12,4
unit\bullet\missile,17,12,8
unit\bullet\missile,18,5,10
unit\bullet\missile,19,11,5
unit\bullet\missile,20,12,5
unit\bullet\missile,21,12,4
unit\bullet\parasite,0,1,5
unit\bullet\parasite,1,2,5
unit\bullet\parasite,2,2,4
unit\bullet\parasite,3,3,4
unit\bullet\parasite,4,4,5
unit\bullet\parasite,5,4,5
unit\bullet\parasite,6,4,5
unit\bullet\parasite,7,4,5
unit\bullet\parasite,8,4,4
unit\bullet\parasite,9,4,4
unit\bullet\parasite,10,4,3
unit\bullet\parasite,11,4,3
unit\bullet\parasite,12,3,3
unit\bullet\parasite,13,3,3
unit\bullet\parasite,14,2,3
unit\bullet\parasite,15,1,3
unit\bullet\parasite,16,0,3
unit\bullet\parasite,17,1,5
unit\bullet\parasite,18,2,5
unit\bullet\parasite,19,2,4
unit\bullet\parasite,20,3,4
unit\bullet\parasite,21,4,5
unit\bullet\parasite,22,4,5
unit\bullet\parasite,23,4,5
unit\bullet\parasite,24,4,5
unit\bullet\parasite,25,4,4
unit\bullet\parasite,26,4,4
unit\bullet\parasite,27,4,3
unit\bullet\parasite,28,4,3
unit\bullet\parasite,29,3,3
unit\bullet\parasite,30,3,3
unit\bullet\parasite,31,2,3
unit\bullet\parasite,32,1,3
unit\bullet\parasite,33,0,3
unit\bullet\pdriphit,0,15,14
unit\bullet\pdriphit,1,6,7
unit\bullet\pdriphit,2,5,5
unit\bullet\pdriphit,3,1,2
unit\bullet\pdriphit,4,2,2
unit\bullet\pdriphit,5,2,2
unit\bullet\psibeam,0,6,8
unit\bullet\psibeam,1,6,8
unit\bullet\psibeam,2,6,8
unit\bullet\psibeam,3,6,8
unit\bullet\psibeam,4,6,8
unit\bullet\psibeam,5,6,8
unit\bullet\psibeam,6,6,8
unit\bullet\psibeam,7,6,8
unit\bullet\psibeam,8,6,8
unit\bullet\psibeam,9,7,9
unit\bullet\psibeam,10,7,9
unit\bullet\psibeam,11,7,9
unit\bullet\psibeam,12,7,9
unit\bullet\psibeam,13,7,9
unit\bullet\psibeam,14,7,9
unit\bullet\psibeam,15,7,9
unit\bullet\psibeam,16,7,9
unit\bullet\psibeam,17,7,9
unit\bullet\psibeam,18,5,6
unit\bullet\psibeam,19,5,6
unit\bullet\psibeam,20,5,6
unit\bullet\psibeam,21,5,6
unit\bullet\psibeam,22,5,6
unit\bullet\psibeam,23,5,6
unit\bullet\psibeam,24,5,6
unit\bullet\psibeam,25,5,6
unit\bullet\psibeam,26,5,6
unit\bullet\pspark,0,3,1
unit\bullet\pspark,1,3,0
unit\bullet\pspark,2,17,0
unit\bullet\pspark,3,9,0
unit\bullet\pspark,4,3,12
unit\bullet\pspark,5,0,9
unit\bullet\pspark,6,3,4
unit\bullet\pspark,7,0,1
unit\bullet\scvspark,0,4,25
unit\bullet\scvspark,1,3,18
unit\bullet\scvspark,2,12,16
unit\bullet\scvspark,3,14,18
unit\bullet\scvspark,4,13,18
unit\bullet\scvspark,5,12,13
unit\bullet\scvspark,6,11,10
unit\bullet\scvspark,7,9,11
unit\bullet\scvspark,8,7,12
unit\bullet\scvspark,9,5,19
unit\bullet\shockbmb,0,8,9
unit\bullet\shockbmb,1,8,9
unit\bullet\shockbmb,2,8,9
unit\bullet\shockbmb,3,8,9
unit\bullet\shockbmb,4,8,9
unit\bullet\shockbmb,5,8,9
unit\bullet\shockbmb,6,8,9
unit\bullet\shockbmb,7,8,9
unit\bullet\shockbmb,8,8,9
unit\bullet\shockbmb,9,8,9
unit\bullet\shockbmb,10,8,9
unit\bullet\shockbmb,11,8,9
unit\bullet\shockbmb,12,8,9
unit\bullet\shockbmb,13,8,9
unit\bullet\shockbmb,14,8,9
unit\bullet\shockbmb,15,8,9
unit\bullet\shockbmb,16,8,9
unit\bullet\shockbmb,17,7,8
unit\bullet\shockbmb,18,7,8
unit\bullet\shockbmb,19,7,8
unit\bullet\shockbmb,20,7,8
unit\bullet\shockbmb,21,7,8
unit\bullet\shockbmb,22,7,8
unit\bullet\shockbmb,23,7,8
unit\bullet\shockbmb,24,7,8
unit\bullet\shockbmb,25,7,8
unit\bullet\shockbmb,26,7,8
unit\bullet\shockbmb,27,7,8
unit\bullet\shockbmb,28,7,8
unit\bullet\shockbmb,29,7,8
unit\bullet\shockbmb,30,7,8
unit\bullet\shockbmb,31,7,8
unit\bullet\shockbmb,32,7,8
unit\bullet\shockbmb,33,7,8
unit\bullet\shockbmb,34,7,8
unit\bullet\shockbmb,35,7,8
unit\bullet\shockbmb,36,7,8
unit\bullet\shockbmb,37,7,8
unit\bullet\shockbmb,38,7,8
unit\bullet\shockbmb,39,7,8
unit\bullet\shockbmb,40,7,8
unit\bullet\shockbmb,41,7,8
unit\bullet\shockbmb,42,7,8
unit\bullet\shockbmb,43,7,8
unit\bullet\shockbmb,44,7,8
unit\bullet\shockbmb,45,7,8
unit\bullet\shockbmb,46,7,8
unit\bullet\shockbmb,47,7,8
unit\bullet\shockbmb,48,7,8
unit\bullet\shockbmb,49,7,8
unit\bullet\shockbmb,50,7,8
unit\bullet\smmissle,0,11,11
unit\bullet\smmissle,1,10,11
unit\bullet\smmissle,2,10,11
unit\bullet\smmissle,3,10,12
unit\bullet\smmissle,4,10,12
unit\bullet\smmissle,5,10,12
unit\bullet\smmissle,6,10,12
unit\bullet\smmissle,7,10,11
unit\bullet\smmissle,8,10,11
unit\bullet\smmissle,9,10,10
unit\bullet\smmissle,10,10,10
unit\bullet\smmissle,11,10,10
unit\bullet\smmissle,12,10,10
unit\bullet\smmissle,13,10,10
unit\bullet\smmissle,14,10,10
unit\bullet\smmissle,15,10,10
unit\bullet\smmissle,16,11,10
unit\bullet\Spike,0,62,74
unit\bullet\Spike,1,59,73
unit\bullet\Spike,2,58,68
unit\bullet\Spike,3,57,63
unit\bullet\Spike,4,56,58
unit\bullet\Spike,5,55,52
unit\bullet\Spike,6,53,47
unit\bullet\spore2,0,8,8
unit\bullet\spore2,1,6,6
unit\bullet\spore2,2,2,3
unit\bullet\spore2,3,2,4
unit\bullet\spores,0,11,13
unit\bullet\spores,1,9,15
unit\bullet\spores,2,10,12
unit\bullet\spores,3,13,12
unit\bullet\spores,4,9,13
unit\bullet\spores,5,8,11
unit\bullet\spores,6,11,12
unit\bullet\spores,7,10,13
unit\bullet\spores,8,10,10
unit\bullet\spores,9,12,11
unit\bullet\squib1,0,18,12
unit\bullet\squib1,1,18,12
unit\bullet\squib1,2,18,12
unit\bullet\squib1,3,18,12
unit\bullet\squib1,4,18,12
unit\bullet\squib1,5,18,12
unit\bullet\squib1,6,18,12
unit\bullet\squib1,7,18,12
unit\bullet\squib1,8,18,12
unit\bullet\squib1,9,18,12
unit\bullet\squib1,10,18,12
unit\bullet\squib1,11,18,12
unit\bullet\squib1,12,18,12
unit\bullet\squib1,13,18,12
unit\bullet\squib1,14,18,12
unit\bullet\squib1,15,18,12
unit\bullet\squib1,16,18,12
unit\bullet\squib1,17,12,10
unit\bullet\squib1,18,12,10
unit\bullet\squib1,19,12,10
unit\bullet\squib1,20,12,10
unit\bullet\squib1,21,12,10
unit\bullet\squib1,22,12,10
unit\bullet\squib1,23,12,10
unit\bullet\squib1,24,12,10
unit\bullet\squib1,25,12,10
unit\bullet\squib1,26,12,10
unit\bullet\squib1,27,12,10
unit\bullet\squib1,28,12,10
unit\bullet\squib1,29,12,10
unit\bullet\squib1,30,12,10
unit\bullet\squib1,31,12,10
unit\bullet\squib1,32,12,10
unit\bullet\squib1,33,12,10
unit\bullet\squib1,34,9,5
unit\bullet\squib1,35,9,5
unit\bullet\squib1,36,9,5
unit\bullet\squib1,37,9,5
unit\bullet\squib1,38,9,5
unit\bullet\squib1,39,9,5
unit\bullet\squib1,40,9,5
unit\bullet\squib1,41,9,5
unit\bullet\squib1,42,9,5
unit\bullet\squib1,43,9,5
unit\bullet\squib1,44,9,5
unit\bullet\squib1,45,9,5
unit\bullet\squib1,46,9,5
unit\bullet\squib1,47,9,5
unit\bullet\squib1,48,9,5
unit\bullet\squib1,49,9,5
unit\bullet\squib1,50,9,5
unit\bullet\squib1,51,5,7
unit\bullet\squib1,52,5,7
unit\bullet\squib1,53,5,7
unit\bullet\squib1,54,5,7
unit\bullet\squib1,55,5,7
unit\bullet\squib1,56,5,7
unit\bullet\squib1,57,5,7
unit\bullet\squib1,58,5,7
unit\bullet\squib1,59,5,7
unit\bullet\squib1,60,5,7
unit\bullet\squib1,61,5,7
unit\bullet\squib1,62,5,7
unit\bullet\squib1,63,5,7
unit\bullet\squib1,64,5,7
unit\bullet\squib1,65,5,7
unit\bullet\squib1,66,5,7
unit\bullet\squib1,67,5,7
unit\bullet\squib2,0,17,10
unit\bullet\squib2,1,17,10
unit\bullet\squib2,2,17,10
unit\bullet\squib2,3,17,10
unit\bullet\squib2,4,17,10
unit\bullet\squib2,5,17,10
unit\bullet\squib2,6,17,10
unit\bullet\squib2,7,17,10
unit\bullet\squib2,8,17,10
unit\bullet\squib2,9,17,10
unit\bullet\squib2,10,17,10
unit\bullet\squib2,11,17,10
unit\bullet\squib2,12,17,10
unit\bullet\squib2,13,17,10
unit\bullet\squib2,14,17,10
unit\bullet\squib2,15,17,10
unit\bullet\squib2,16,17,10
unit\bullet\squib2,17,11,7
unit\bullet\squib2,18,11,7
unit\bullet\squib2,19,11,7
unit\bullet\squib2,20,11,7
unit\bullet\squib2,21,11,7
unit\bullet\squib2,22,11,7
unit\bullet\squib2,23,11,7
unit\bullet\squib2,24,11,7
unit\bullet\squib2,25,11,7
unit\bullet\squib2,26,11,7
unit\bullet\squib2,27,11,7
unit\bullet\squib2,28,11,7
unit\bullet\squib2,29,11,7
unit\bullet\squib2,30,11,7
unit\bullet\squib2,31,11,7
unit\bullet\squib2,32,11,7
unit\bullet\squib2,33,11,7
unit\bullet\squib2,34,8,6
unit\bullet\squib2,35,8,6
unit\bullet\squib2,36,8,6
unit\bullet\squib2,37,8,6
unit\bullet\squib2,38,8,6
unit\bullet\squib2,39,8,6
unit\bullet\squib2,40,8,6
unit\bullet\squib2,41,8,6
unit\bullet\squib2,42,8,6
unit\bullet\squib2,43,8,6
unit\bullet\squib2,44,8,6
unit\bullet\squib2,45,8,6
unit\bullet\squib2,46,8,6
unit\bullet\squib2,47,8,6
unit\bullet\squib2,48,8,6
unit\bullet\squib2,49,8,6
unit\bullet\squib2,50,8,6
unit\bullet\squib2,51,6,5
unit\bullet\squib2,52,6,5
unit\bullet\squib2,53,6,5
unit\bullet\squib2,54,6,5
unit\bullet\squib2,55,6,5
unit\bullet\squib2,56,6,5
unit\bullet\squib2,57,6,5
unit\bullet\squib2,58,6,5
unit\bullet\squib2,59,6,5
unit\bullet\squib2,60,6,5
unit\bullet\squib2,61,6,5
unit\bullet\squib2,62,6,5
unit\bullet\squib2,63,6,5
unit\bullet\squib2,64,6,5
unit\bullet\squib2,65,6,5
unit\bullet\squib2,66,6,5
unit\bullet\squib2,67,6,5
unit\bullet\tentacle,0,54,75
unit\bullet\tentacle,1,52,68
unit\bullet\tentacle,2,51,61
unit\bullet\tentacle,3,51,58
unit\bullet\tentacle,4,51,52
unit\bullet\tentacle,5,49,50
unit\bullet\tspark,0,16,19
unit\bullet\tspark,1,16,19
unit\bullet\tspark,2,16,19
unit\bullet\tspark,3,16,19
unit\bullet\tspark,4,16,19
unit\bullet\tspark,5,16,19
unit\bullet\tspark,6,16,19
unit\bullet\tspark,7,16,19
unit\bullet\tspark,8,16,19
unit\bullet\tspark,9,8,14
unit\bullet\tspark,10,8,14
unit\bullet\tspark,11,8,14
unit\bullet\tspark,12,8,14
unit\bullet\tspark,13,8,14
unit\bullet\tspark,14,8,14
unit\bullet\tspark,15,8,14
unit\bullet\tspark,16,8,14
unit\bullet\tspark,17,8,14
unit\bullet\tspark,18,3,8
unit\bullet\tspark,19,3,8
unit\bullet\tspark,20,3,8
unit\bullet\tspark,21,3,8
unit\bullet\tspark,22,3,8
unit\bullet\tspark,23,3,8
unit\bullet\tspark,24,3,8
unit\bullet\tspark,25,3,8
unit\bullet\tspark,26,3,8
unit\bullet\tspark,27,6,8
unit\bullet\tspark,28,6,8
unit\bullet\tspark,29,6,8
unit\bullet\tspark,30,6,8
unit\bullet\tspark,31,6,8
unit\bullet\tspark,32,6,8
unit\bullet\tspark,33,6,8
unit\bullet\tspark,34,6,8
unit\bullet\tspark,35,6,8
unit\bullet\tspark,36,5,7
unit\bullet\tspark,37,5,7
unit\bullet\tspark,38,5,7
unit\bullet\tspark,39,5,7
unit\bullet\tspark,40,5,7
unit\bullet\tspark,41,5,7
unit\bullet\tspark,42,5,7
unit\bullet\tspark,43,5,7
unit\bullet\tspark,44,5,7
unit\bullet\tspark,45,3,6
unit\bullet\tspark,46,3,6
unit\bullet\tspark,47,3,6
unit\bullet\tspark,48,3,6
unit\bullet\tspark,49,3,6
unit\bullet\tspark,50,3,6
unit\bullet\tspark,51,3,6
unit\bullet\tspark,52,3,6
unit\bullet\tspark,53,3,6
unit\bullet\tspark,54,12,8
unit\bullet\tspark,55,12,8
unit\bullet\tspark,56,12,8
unit\bullet\tspark,57,12,8
unit\bullet\tspark,58,12,8
unit\bullet\tspark,59,12,8
unit\bullet\tspark,60,12,8
unit\bullet\tspark,61,12,8
unit\bullet\tspark,62,12,8
unit\bullet\tspark,63,10,6
unit\bullet\tspark,64,10,6
unit\bullet\tspark,65,10,6
unit\bullet\tspark,66,10,6
unit\bullet\tspark,67,10,6
unit\bullet\tspark,68,10,6
unit\bullet\tspark,69,10,6
unit\bullet\tspark,70,10,6
unit\bullet\tspark,71,10,6
unit\bullet\tspark,72,8,14
unit\bullet\tspark,73,8,14
unit\bullet\tspark,74,8,14
unit\bullet\tspark,75,8,14
unit\bullet\tspark,76,8,14
unit\bullet\tspark,77,8,14
unit\bullet\tspark,78,8,14
unit\bullet\tspark,79,8,14
unit\bullet\tspark,80,8,14
unit\bullet\tspark,81,3,8
unit\bullet\tspark,82,3,8
unit\bullet\tspark,83,3,8
unit\bullet\tspark,84,3,8
unit\bullet\tspark,85,3,8
unit\bullet\tspark,86,3,8
unit\bullet\tspark,87,3,8
unit\bullet\tspark,88,3,8
unit\bullet\tspark,89,3,8
unit\bullet\tspark,90,6,8
unit\bullet\tspark,91,6,8
unit\bullet\tspark,92,6,8
unit\bullet\tspark,93,6,8
unit\bullet\tspark,94,6,8
unit\bullet\tspark,95,6,8
unit\bullet\tspark,96,6,8
unit\bullet\tspark,97,6,8
unit\bullet\tspark,98,6,8
unit\bullet\tspark,99,5,7
unit\bullet\tspark,100,5,7
unit\bullet\tspark,101,5,7
unit\bullet\tspark,102,5,7
unit\bullet\tspark,103,5,7
unit\bullet\tspark,104,5,7
unit\bullet\tspark,105,5,7
unit\bullet\tspark,106,5,7
unit\bullet\tspark,107,5,7
unit\bullet\tspark,108,3,6
unit\bullet\tspark,109,3,6
unit\bullet\tspark,110,3,6
unit\bullet\tspark,111,3,6
unit\bullet\tspark,112,3,6
unit\bullet\tspark,113,3,6
unit\bullet\tspark,114,3,6
unit\bullet\tspark,115,3,6
unit\bullet\tspark,116,3,6
unit\bullet\tspark,117,12,8
unit\bullet\tspark,118,12,8
unit\bullet\tspark,119,12,8
unit\bullet\tspark,120,12,8
unit\bullet\tspark,121,12,8
unit\bullet\tspark,122,12,8
unit\bullet\tspark,123,12,8
unit\bullet\tspark,124,12,8
unit\bullet\tspark,125,12,8
unit\bullet\tspark,126,10,6
unit\bullet\tspark,127,10,6
unit\bullet\tspark,128,10,6
unit\bullet\tspark,129,10,6
unit\bullet\tspark,130,10,6
unit\bullet\tspark,131,10,6
unit\bullet\tspark,132,10,6
unit\bullet\tspark,133,10,6
unit\bullet\tspark,134,10,6
unit\bullet\zspark,0,16,18
unit\bullet\zspark,1,9,12
unit\bullet\zspark,2,7,8
unit\bullet\zspark,3,5,6
unit\bullet\zspark,4,4,5
unit\bullet\zspark,5,11,7
unit\bullet\zspark,6,13,6
unit\bullet\zspark,7,11,19
unit\cmdbtns\cmdicons,0,0,0
unit\cmdbtns\cmdicons,1,0,0
unit\cmdbtns\cmdicons,2,0,0
unit\cmdbtns\cmdicons,3,0,0
unit\cmdbtns\cmdicons,4,0,0
unit\cmdbtns\cmdicons,5,0,0
unit\cmdbtns\cmdicons,6,0,0
unit\cmdbtns\cmdicons,7,0,0
unit\cmdbtns\cmdicons,8,0,0
unit\cmdbtns\cmdicons,9,0,0
unit\cmdbtns\cmdicons,10,0,0
unit\cmdbtns\cmdicons,11,0,0
unit\cmdbtns\cmdicons,12,0,0
unit\cmdbtns\cmdicons,13,0,0
unit\cmdbtns\cmdicons,14,0,0
unit\cmdbtns\cmdicons,15,0,0
unit\cmdbtns\cmdicons,16,0,0
unit\cmdbtns\cmdicons,17,0,0
unit\cmdbtns\cmdicons,18,0,0
unit\cmdbtns\cmdicons,19,0,0
unit\cmdbtns\cmdicons,20,0,0
unit\cmdbtns\cmdicons,21,0,0
unit\cmdbtns\cmdicons,22,0,0
unit\cmdbtns\cmdicons,23,0,0
unit\cmdbtns\cmdicons,24,0,0
unit\cmdbtns\cmdicons,25,0,0
unit\cmdbtns\cmdicons,26,0,0
unit\cmdbtns\cmdicons,27,0,0
unit\cmdbtns\cmdicons,28,0,0
unit\cmdbtns\cmdicons,29,0,0
unit\cmdbtns\cmdicons,30,0,0
unit\cmdbtns\cmdicons,31,0,0
unit\cmdbtns\cmdicons,32,0,0
unit\cmdbtns\cmdicons,33,0,0
unit\cmdbtns\cmdicons,34,1,0
unit\cmdbtns\cmdicons,35,0,0
unit\cmdbtns\cmdicons,36,0,0
unit\cmdbtns\cmdicons,37,0,0
unit\cmdbtns\cmdicons,38,0,0
unit\cmdbtns\cmdicons,39,0,0
unit\cmdbtns\cmdicons,40,0,0
unit\cmdbtns\cmdicons,41,0,0
unit\cmdbtns\cmdicons,42,0,0
unit\cmdbtns\cmdicons,43,0,0
unit\cmdbtns\cmdicons,44,0,0
unit\cmdbtns\cmdicons,45,0,0
unit\cmdbtns\cmdicons,46,0,0
unit\cmdbtns\cmdicons,47,0,0
unit\cmdbtns\cmdicons,48,0,0
unit\cmdbtns\cmdicons,49,0,0
unit\cmdbtns\cmdicons,50,0,0
unit\cmdbtns\cmdicons,51,0,0
unit\cmdbtns\cmdicons,52,0,0
unit\cmdbtns\cmdicons,53,0,0
unit\cmdbtns\cmdicons,54,0,0
unit\cmdbtns\cmdicons,55,0,0
unit\cmdbtns\cmdicons,56,0,0
unit\cmdbtns\cmdicons,57,0,0
unit\cmdbtns\cmdicons,58,0,0
unit\cmdbtns\cmdicons,59,0,0
unit\cmdbtns\cmdicons,60,1,1
unit\cmdbtns\cmdicons,61,0,0
unit\cmdbtns\cmdicons,62,3,0
unit\cmdbtns\cmdicons,63,0,0
unit\cmdbtns\cmdicons,64,0,0
unit\cmdbtns\cmdicons,65,0,0
unit\cmdbtns\cmdicons,66,0,0
unit\cmdbtns\cmdicons,67,0,0
unit\cmdbtns\cmdicons,68,0,0
unit\cmdbtns\cmdicons,69,0,0
unit\cmdbtns\cmdicons,70,0,0
unit\cmdbtns\cmdicons,71,0,0
unit\cmdbtns\cmdicons,72,0,0
unit\cmdbtns\cmdicons,73,0,0
unit\cmdbtns\cmdicons,74,0,0
unit\cmdbtns\cmdicons,75,0,0
unit\cmdbtns\cmdicons,76,0,0
unit\cmdbtns\cmdicons,77,0,0
unit\cmdbtns\cmdicons,78,0,0
unit\cmdbtns\cmdicons,79,0,0
unit\cmdbtns\cmdicons,80,0,0
unit\cmdbtns\cmdicons,81,0,0
unit\cmdbtns\cmdicons,82,0,0
unit\cmdbtns\cmdicons,83,0,0
unit\cmdbtns\cmdicons,84,0,0
unit\cmdbtns\cmdicons,85,0,0
unit\cmdbtns\cmdicons,86,0,0
unit\cmdbtns\cmdicons,87,0,0
unit\cmdbtns\cmdicons,88,0,0
unit\cmdbtns\cmdicons,89,0,0
unit\cmdbtns\cmdicons,90,0,0
unit\cmdbtns\cmdicons,91,0,3
unit\cmdbtns\cmdicons,92,3,4
unit\cmdbtns\cmdicons,93,2,0
unit\cmdbtns\cmdicons,94,0,2
unit\cmdbtns\cmdicons,95,0,0
unit\cmdbtns\cmdicons,96,2,0
unit\cmdbtns\cmdicons,97,0,0
unit\cmdbtns\cmdicons,98,0,0
unit\cmdbtns\cmdicons,99,0,0
unit\cmdbtns\cmdicons,100,0,0
unit\cmdbtns\cmdicons,101,0,0
unit\cmdbtns\cmdicons,102,0,0
unit\cmdbtns\cmdicons,103,0,3
unit\cmdbtns\cmdicons,104,0,0
unit\cmdbtns\cmdicons,105,0,0
unit\cmdbtns\cmdicons,106,0,0
unit\cmdbtns\cmdicons,107,0,0
unit\cmdbtns\cmdicons,108,0,0
unit\cmdbtns\cmdicons,109,0,0
unit\cmdbtns\cmdicons,110,0,0
unit\cmdbtns\cmdicons,111,0,0
unit\cmdbtns\cmdicons,112,0,0
unit\cmdbtns\cmdicons,113,0,0
unit\cmdbtns\cmdicons,114,0,0
unit\cmdbtns\cmdicons,115,0,0
unit\cmdbtns\cmdicons,116,0,0
unit\cmdbtns\cmdicons,117,0,0
unit\cmdbtns\cmdicons,118,0,0
unit\cmdbtns\cmdicons,119,1,5
unit\cmdbtns\cmdicons,120,0,0
unit\cmdbtns\cmdicons,121,0,0
unit\cmdbtns\cmdicons,122,0,0
unit\cmdbtns\cmdicons,123,0,0
unit\cmdbtns\cmdicons,124,0,0
unit\cmdbtns\cmdicons,125,0,0
unit\cmdbtns\cmdicons,126,0,0
unit\cmdbtns\cmdicons,127,0,0
unit\cmdbtns\cmdicons,128,0,0
unit\cmdbtns\cmdicons,129,0,0
unit\cmdbtns\cmdicons,130,0,0
unit\cmdbtns\cmdicons,131,0,0
unit\cmdbtns\cmdicons,132,0,0
unit\cmdbtns\cmdicons,133,0,3
unit\cmdbtns\cmdicons,134,0,0
unit\cmdbtns\cmdicons,135,0,0
unit\cmdbtns\cmdicons,136,0,0
unit\cmdbtns\cmdicons,137,0,0
unit\cmdbtns\cmdicons,138,0,0
unit\cmdbtns\cmdicons,139,0,0
unit\cmdbtns\cmdicons,140,0,0
unit\cmdbtns\cmdicons,141,0,0
unit\cmdbtns\cmdicons,142,0,0
unit\cmdbtns\cmdicons,143,0,1
unit\cmdbtns\cmdicons,144,0,0
unit\cmdbtns\cmdicons,145,0,0
unit\cmdbtns\cmdicons,146,0,0
unit\cmdbtns\cmdicons,147,0,0
unit\cmdbtns\cmdicons,148,0,0
unit\cmdbtns\cmdicons,149,0,0
unit\cmdbtns\cmdicons,150,0,0
unit\cmdbtns\cmdicons,151,0,0
unit\cmdbtns\cmdicons,152,0,0
unit\cmdbtns\cmdicons,153,1,5
unit\cmdbtns\cmdicons,154,0,0
unit\cmdbtns\cmdicons,155,0,0
unit\cmdbtns\cmdicons,156,0,0
unit\cmdbtns\cmdicons,157,0,1
unit\cmdbtns\cmdicons,158,1,5
unit\cmdbtns\cmdicons,159,0,1
unit\cmdbtns\cmdicons,160,0,0
unit\cmdbtns\cmdicons,161,1,5
unit\cmdbtns\cmdicons,162,0,0
unit\cmdbtns\cmdicons,163,0,0
unit\cmdbtns\cmdicons,164,0,1
unit\cmdbtns\cmdicons,165,0,0
unit\cmdbtns\cmdicons,166,1,0
unit\cmdbtns\cmdicons,167,0,0
unit\cmdbtns\cmdicons,168,0,0
unit\cmdbtns\cmdicons,169,0,0
unit\cmdbtns\cmdicons,170,0,1
unit\cmdbtns\cmdicons,171,0,0
unit\cmdbtns\cmdicons,172,0,0
unit\cmdbtns\cmdicons,173,0,0
unit\cmdbtns\cmdicons,174,0,0
unit\cmdbtns\cmdicons,175,5,1
unit\cmdbtns\cmdicons,176,0,0
unit\cmdbtns\cmdicons,177,0,0
unit\cmdbtns\cmdicons,178,0,0
unit\cmdbtns\cmdicons,179,1,5
unit\cmdbtns\cmdicons,180,1,5
unit\cmdbtns\cmdicons,181,1,5
unit\cmdbtns\cmdicons,182,1,5
unit\cmdbtns\cmdicons,183,1,5
unit\cmdbtns\cmdicons,184,1,5
unit\cmdbtns\cmdicons,185,1,5
unit\cmdbtns\cmdicons,186,1,5
unit\cmdbtns\cmdicons,187,1,5
unit\cmdbtns\cmdicons,188,0,0
unit\cmdbtns\cmdicons,189,2,0
unit\cmdbtns\cmdicons,190,0,2
unit\cmdbtns\cmdicons,191,1,5
unit\cmdbtns\cmdicons,192,1,5
unit\cmdbtns\cmdicons,193,1,5
unit\cmdbtns\cmdicons,194,0,1
unit\cmdbtns\cmdicons,195,0,0
unit\cmdbtns\cmdicons,196,0,0
unit\cmdbtns\cmdicons,197,0,1
unit\cmdbtns\cmdicons,198,0,0
unit\cmdbtns\cmdicons,199,0,0
unit\cmdbtns\cmdicons,200,0,4
unit\cmdbtns\cmdicons,201,0,7
unit\cmdbtns\cmdicons,202,0,0
unit\cmdbtns\cmdicons,203,0,0
unit\cmdbtns\cmdicons,204,0,0
unit\cmdbtns\cmdicons,205,0,0
unit\cmdbtns\cmdicons,206,0,0
unit\cmdbtns\cmdicons,207,0,0
unit\cmdbtns\cmdicons,208,0,0
unit\cmdbtns\cmdicons,209,0,0
unit\cmdbtns\cmdicons,210,0,0
unit\cmdbtns\cmdicons,211,0,0
unit\cmdbtns\cmdicons,212,0,0
unit\cmdbtns\cmdicons,213,0,0
unit\cmdbtns\cmdicons,214,0,0
unit\cmdbtns\cmdicons,215,0,0
unit\cmdbtns\cmdicons,216,0,0
unit\cmdbtns\cmdicons,217,0,0
unit\cmdbtns\cmdicons,218,0,0
unit\cmdbtns\cmdicons,219,0,0
unit\cmdbtns\cmdicons,220,0,0
unit\cmdbtns\cmdicons,221,0,0
unit\cmdbtns\cmdicons,222,0,0
unit\cmdbtns\cmdicons,223,0,0
unit\cmdbtns\cmdicons,224,0,0
unit\cmdbtns\cmdicons,225,0,0
unit\cmdbtns\cmdicons,226,0,0
unit\cmdbtns\cmdicons,227,0,0
unit\cmdbtns\cmdicons,228,0,0
unit\cmdbtns\cmdicons,229,0,0
unit\cmdbtns\cmdicons,230,0,0
unit\cmdbtns\cmdicons,231,0,0
unit\cmdbtns\cmdicons,232,0,0
unit\cmdbtns\cmdicons,233,0,0
unit\cmdbtns\cmdicons,234,0,0
unit\cmdbtns\cmdicons,235,0,0
unit\cmdbtns\cmdicons,236,0,0
unit\cmdbtns\cmdicons,237,0,0
unit\cmdbtns\cmdicons,238,0,0
unit\cmdbtns\cmdicons,239,0,0
unit\cmdbtns\cmdicons,240,0,0
unit\cmdbtns\cmdicons,241,0,0
unit\cmdbtns\cmdicons,242,0,0
unit\cmdbtns\cmdicons,243,0,0
unit\cmdbtns\cmdicons,244,0,0
unit\cmdbtns\cmdicons,245,0,0
unit\cmdbtns\cmdicons,246,0,0
unit\cmdbtns\cmdicons,247,0,0
unit\cmdbtns\cmdicons,248,0,0
unit\cmdbtns\cmdicons,249,0,0
unit\cmdbtns\cmdicons,250,0,0
unit\cmdbtns\cmdicons,251,0,0
unit\cmdbtns\cmdicons,252,0,0
unit\cmdbtns\cmdicons,253,0,0
unit\cmdbtns\cmdicons,254,0,0
unit\cmdbtns\cmdicons,255,0,0
unit\cmdbtns\cmdicons,256,0,0
unit\cmdbtns\cmdicons,257,0,0
unit\cmdbtns\cmdicons,258,0,0
unit\cmdbtns\cmdicons,259,0,0
unit\cmdbtns\cmdicons,260,0,0
unit\cmdbtns\cmdicons,261,0,0
unit\cmdbtns\cmdicons,262,0,0
unit\cmdbtns\cmdicons,263,0,0
unit\cmdbtns\cmdicons,264,0,0
unit\cmdbtns\cmdicons,265,0,0
unit\cmdbtns\cmdicons,266,0,0
unit\cmdbtns\cmdicons,267,0,0
unit\cmdbtns\cmdicons,268,0,0
unit\cmdbtns\cmdicons,269,0,0
unit\cmdbtns\cmdicons,270,0,0
unit\cmdbtns\cmdicons,271,0,0
unit\cmdbtns\cmdicons,272,0,0
unit\cmdbtns\cmdicons,273,0,0
unit\cmdbtns\cmdicons,274,0,0
unit\cmdbtns\cmdicons,275,0,0
unit\cmdbtns\cmdicons,276,0,0
unit\cmdbtns\cmdicons,277,0,0
unit\cmdbtns\cmdicons,278,0,0
unit\cmdbtns\cmdicons,279,1,5
unit\cmdbtns\cmdicons,280,0,0
unit\cmdbtns\cmdicons,281,0,0
unit\cmdbtns\cmdicons,282,0,0
unit\cmdbtns\cmdicons,283,0,0
unit\cmdbtns\cmdicons,284,0,0
unit\cmdbtns\cmdicons,285,0,0
unit\cmdbtns\cmdicons,286,0,0
unit\cmdbtns\cmdicons,287,0,0
unit\cmdbtns\cmdicons,288,0,0
unit\cmdbtns\cmdicons,289,0,0
unit\cmdbtns\cmdicons,290,0,0
unit\cmdbtns\cmdicons,291,0,0
unit\cmdbtns\cmdicons,292,0,0
unit\cmdbtns\cmdicons,293,0,0
unit\cmdbtns\cmdicons,294,0,0
unit\cmdbtns\cmdicons,295,0,0
unit\cmdbtns\cmdicons,296,0,0
unit\cmdbtns\cmdicons,297,0,0
unit\cmdbtns\cmdicons,298,0,0
unit\cmdbtns\cmdicons,299,0,0
unit\cmdbtns\cmdicons,300,0,0
unit\cmdbtns\cmdicons,301,0,0
unit\cmdbtns\cmdicons,302,0,0
unit\cmdbtns\cmdicons,303,0,0
unit\cmdbtns\cmdicons,304,0,0
unit\cmdbtns\cmdicons,305,0,0
unit\cmdbtns\cmdicons,306,0,0
unit\cmdbtns\cmdicons,307,0,0
unit\cmdbtns\cmdicons,308,0,0
unit\cmdbtns\cmdicons,309,0,0
unit\cmdbtns\cmdicons,310,0,0
unit\cmdbtns\cmdicons,311,0,0
unit\cmdbtns\cmdicons,312,0,0
unit\cmdbtns\cmdicons,313,0,0
unit\cmdbtns\cmdicons,314,0,0
unit\cmdbtns\cmdicons,315,0,0
unit\cmdbtns\cmdicons,316,0,0
unit\cmdbtns\cmdicons,317,0,0
unit\cmdbtns\cmdicons,318,0,0
unit\cmdbtns\cmdicons,319,0,0
unit\cmdbtns\cmdicons,320,0,0
unit\cmdbtns\cmdicons,321,0,0
unit\cmdbtns\cmdicons,322,0,0
unit\cmdbtns\cmdicons,323,0,0
unit\cmdbtns\cmdicons,324,0,0
unit\cmdbtns\cmdicons,325,0,0
unit\cmdbtns\cmdicons,326,0,0
unit\cmdbtns\cmdicons,327,0,0
unit\cmdbtns\cmdicons,328,0,0
unit\cmdbtns\cmdicons,329,0,0
unit\cmdbtns\cmdicons,330,0,0
unit\cmdbtns\cmdicons,331,0,0
unit\cmdbtns\cmdicons,332,0,0
unit\cmdbtns\cmdicons,333,0,0
unit\cmdbtns\cmdicons,334,0,0
unit\cmdbtns\cmdicons,335,0,0
unit\cmdbtns\cmdicons,336,0,0
unit\cmdbtns\cmdicons,337,0,0
unit\cmdbtns\cmdicons,338,0,0
unit\cmdbtns\cmdicons,339,0,0
unit\cmdbtns\cmdicons,340,0,0
unit\cmdbtns\cmdicons,341,0,0
unit\cmdbtns\cmdicons,342,0,0
unit\cmdbtns\cmdicons,343,0,0
unit\cmdbtns\cmdicons,344,0,0
unit\cmdbtns\cmdicons,345,0,0
unit\cmdbtns\cmdicons,346,0,0
unit\cmdbtns\cmdicons,347,0,0
unit\cmdbtns\cmdicons,348,0,0
unit\cmdbtns\cmdicons,349,0,0
unit\cmdbtns\cmdicons,350,0,0
unit\cmdbtns\cmdicons,351,0,0
unit\cmdbtns\cmdicons,352,0,0
unit\cmdbtns\cmdicons,353,0,0
unit\cmdbtns\cmdicons,354,0,0
unit\cmdbtns\cmdicons,355,0,0
unit\cmdbtns\cmdicons,356,0,0
unit\cmdbtns\cmdicons,357,0,0
unit\cmdbtns\cmdicons,358,0,0
unit\cmdbtns\cmdicons,359,0,0
unit\cmdbtns\cmdicons,360,0,0
unit\cmdbtns\cmdicons,361,0,0
unit\cmdbtns\cmdicons,362,0,0
unit\cmdbtns\cmdicons,363,0,0
unit\cmdbtns\cmdicons,364,0,0
unit\cmdbtns\cmdicons,365,0,0
unit\cmdbtns\cmdicons,366,0,0
unit\cmdbtns\cmdicons,367,0,0
unit\cmdbtns\cmdicons,368,0,0
unit\cmdbtns\cmdicons,369,0,0
unit\cmdbtns\cmdicons,370,0,0
unit\cmdbtns\cmdicons,371,0,0
unit\cmdbtns\cmdicons,372,0,0
unit\cmdbtns\cmdicons,373,0,0
unit\cmdbtns\cmdicons,374,0,0
unit\cmdbtns\cmdicons,375,0,0
unit\cmdbtns\cmdicons,376,0,3
unit\cmdbtns\cmdicons,377,0,0
unit\cmdbtns\cmdicons,378,0,0
unit\cmdbtns\cmdicons,379,0,0
unit\cmdbtns\cmdicons,380,0,0
unit\cmdbtns\cmdicons,381,0,0
unit\cmdbtns\cmdicons,382,0,0
unit\cmdbtns\cmdicons,383,0,0
unit\cmdbtns\cmdicons,384,0,0
unit\cmdbtns\cmdicons,385,0,0
unit\cmdbtns\pcmdbtns,0,0,0
unit\cmdbtns\pcmdbtns,1,0,0
unit\cmdbtns\pcmdbtns,2,0,0
unit\cmdbtns\pcmdbtns,3,0,0
unit\cmdbtns\pcmdbtns,4,0,0
unit\cmdbtns\pcmdbtns,5,0,0
unit\cmdbtns\pcmdbtns,6,0,0
unit\cmdbtns\pcmdbtns,7,0,0
unit\cmdbtns\pcmdbtns,8,0,0
unit\cmdbtns\pcmdbtns,9,0,0
unit\cmdbtns\pcmdbtns,10,0,0
unit\cmdbtns\pcmdbtns,11,13,0
unit\cmdbtns\pcmdbtns,12,0,0
unit\cmdbtns\pcmdbtns,13,0,0
unit\cmdbtns\pcmdbtns,14,0,0
unit\cmdbtns\pcmdbtns,15,0,0
unit\cmdbtns\pcmdbtns,16,0,0
unit\cmdbtns\pcmdbtns,17,0,0
unit\cmdbtns\pcmdbtns,18,0,0
unit\cmdbtns\pcmdbtns,19,0,0
unit\cmdbtns\pcmdbtns,20,0,0
unit\cmdbtns\pcmdbtns,21,0,0
unit\cmdbtns\pcmdbtns,22,0,0
unit\cmdbtns\pcmdbtns,23,0,0
unit\cmdbtns\pcmdbtns,24,0,0
unit\cmdbtns\pcmdbtns,25,0,0
unit\cmdbtns\pcmdbtns,26,0,0
unit\cmdbtns\pcmdbtns,27,0,0
unit\cmdbtns\pcmdbtns,28,0,0
unit\cmdbtns\pcmdbtns,29,0,0
unit\cmdbtns\pcmdbtns,30,0,0
unit\cmdbtns\pcmdbtns,31,0,0
unit\cmdbtns\pcmdbtns,32,0,0
unit\cmdbtns\pcmdbtns,33,0,0
unit\cmdbtns\pcmdbtns,34,0,0
unit\cmdbtns\pcmdbtns,35,0,0
unit\cmdbtns\pcmdbtns,36,0,0
unit\cmdbtns\tcmdbtns,0,0,0
unit\cmdbtns\tcmdbtns,1,0,0
unit\cmdbtns\tcmdbtns,2,0,0
unit\cmdbtns\tcmdbtns,3,0,0
unit\cmdbtns\tcmdbtns,4,0,0
unit\cmdbtns\tcmdbtns,5,0,0
unit\cmdbtns\tcmdbtns,6,0,0
unit\cmdbtns\tcmdbtns,7,0,0
unit\cmdbtns\tcmdbtns,8,0,0
unit\cmdbtns\tcmdbtns,9,0,0
unit\cmdbtns\tcmdbtns,10,0,0
unit\cmdbtns\tcmdbtns,11,13,0
unit\cmdbtns\tcmdbtns,12,0,0
unit\cmdbtns\tcmdbtns,13,0,0
unit\cmdbtns\tcmdbtns,14,0,0
unit\cmdbtns\tcmdbtns,15,0,0
unit\cmdbtns\tcmdbtns,16,0,0
unit\cmdbtns\tcmdbtns,17,0,0
unit\cmdbtns\tcmdbtns,18,0,0
unit\cmdbtns\tcmdbtns,19,0,0
unit\cmdbtns\tcmdbtns,20,0,0
unit\cmdbtns\tcmdbtns,21,0,0
unit\cmdbtns\tcmdbtns,22,0,0
unit\cmdbtns\tcmdbtns,23,0,0
unit\cmdbtns\tcmdbtns,24,0,0
unit\cmdbtns\tcmdbtns,25,0,0
unit\cmdbtns\tcmdbtns,26,0,0
unit\cmdbtns\tcmdbtns,27,0,0
unit\cmdbtns\tcmdbtns,28,0,0
unit\cmdbtns\tcmdbtns,29,0,0
unit\cmdbtns\tcmdbtns,30,0,0
unit\cmdbtns\tcmdbtns,31,0,0
unit\cmdbtns\tcmdbtns,32,0,0
unit\cmdbtns\tcmdbtns,33,0,0
unit\cmdbtns\tcmdbtns,34,0,0
unit\cmdbtns\tcmdbtns,35,0,0
unit\cmdbtns\tcmdbtns,36,0,0
unit\cmdbtns\zcmdbtns,0,0,0
unit\cmdbtns\zcmdbtns,1,0,0
unit\cmdbtns\zcmdbtns,2,0,0
unit\cmdbtns\zcmdbtns,3,0,0
unit\cmdbtns\zcmdbtns,4,0,0
unit\cmdbtns\zcmdbtns,5,0,0
unit\cmdbtns\zcmdbtns,6,0,0
unit\cmdbtns\zcmdbtns,7,0,0
unit\cmdbtns\zcmdbtns,8,0,0
unit\cmdbtns\zcmdbtns,9,0,0
unit\cmdbtns\zcmdbtns,10,0,0
unit\cmdbtns\zcmdbtns,11,13,0
unit\cmdbtns\zcmdbtns,12,0,0
unit\cmdbtns\zcmdbtns,13,0,0
unit\cmdbtns\zcmdbtns,14,0,0
unit\cmdbtns\zcmdbtns,15,0,0
unit\cmdbtns\zcmdbtns,16,0,0
unit\cmdbtns\zcmdbtns,17,0,0
unit\cmdbtns\zcmdbtns,18,0,0
unit\cmdbtns\zcmdbtns,19,0,0
unit\cmdbtns\zcmdbtns,20,0,0
unit\cmdbtns\zcmdbtns,21,0,0
unit\cmdbtns\zcmdbtns,22,0,0
unit\cmdbtns\zcmdbtns,23,0,0
unit\cmdbtns\zcmdbtns,24,0,0
unit\cmdbtns\zcmdbtns,25,0,0
unit\cmdbtns\zcmdbtns,26,0,0
unit\cmdbtns\zcmdbtns,27,0,0
unit\cmdbtns\zcmdbtns,28,0,0
unit\cmdbtns\zcmdbtns,29,0,0
unit\cmdbtns\zcmdbtns,30,0,0
unit\cmdbtns\zcmdbtns,31,0,0
unit\cmdbtns\zcmdbtns,32,0,0
unit\cmdbtns\zcmdbtns,33,0,0
unit\cmdbtns\zcmdbtns,34,0,0
unit\cmdbtns\zcmdbtns,35,0,0
unit\cmdbtns\zcmdbtns,36,0,0
unit\neutral\min01,0,0,17
unit\neutral\min01,1,0,20
unit\neutral\min01,2,0,29
unit\neutral\min01,3,5,36
unit\neutral\min01sha,0,22,15
unit\neutral\min01sha,1,23,20
unit\neutral\min01sha,2,26,31
unit\neutral\min01sha,3,30,36
unit\neutral\min02,0,0,18
unit\neutral\min02,1,0,25
unit\neutral\min02,2,0,32
unit\neutral\min02,3,1,41
unit\neutral\min02sha,0,24,16
unit\neutral\min02sha,1,26,21
unit\neutral\min02sha,2,26,26
unit\neutral\min02sha,3,26,38
unit\neutral\min03,0,0,17
unit\neutral\min03,1,1,27
unit\neutral\min03,2,2,30
unit\neutral\min03,3,3,37
unit\neutral\min03sha,0,27,13
unit\neutral\min03sha,1,27,23
unit\neutral\min03sha,2,27,28
unit\neutral\min03sha,3,31,35
unit\terran\control,0,1,28
unit\terran\control,1,4,36
unit\terran\control,2,1,28
unit\terran\control,3,1,28
unit\terran\control,4,1,28
unit\terran\control,5,1,28
unit\terran\control,6,1,28
unit\terran\control,7,4,36
unit\terran\control,8,1,28
unit\terran\control,9,1,28
unit\terran\control,10,1,28
unit\terran\control,11,1,28
unit\terran\controlt,0,25,38
unit\terran\marine,0,23,19
unit\terran\marine,1,23,19
unit\terran\marine,2,23,18
unit\terran\marine,3,23,18
unit\terran\marine,4,23,18
unit\terran\marine,5,23,18
unit\terran\marine,6,23,20
unit\terran\marine,7,23,20
unit\terran\marine,8,24,20
unit\terran\marine,9,24,20
unit\terran\marine,10,23,20
unit\terran\marine,11,23,20
unit\terran\marine,12,23,19
unit\terran\marine,13,23,19
unit\terran\marine,14,22,19
unit\terran\marine,15,22,19
unit\terran\marine,16,21,19
unit\terran\marine,17,24,18
unit\terran\marine,18,24,18
unit\terran\marine,19,24,18
unit\terran\marine,20,24,18
unit\terran\marine,21,23,20
unit\terran\marine,22,23,20
unit\terran\marine,23,24,20
unit\terran\marine,24,24,20
unit\terran\marine,25,23,20
unit\terran\marine,26,23,20
unit\terran\marine,27,23,19
unit\terran\marine,28,23,19
unit\terran\marine,29,23,19
unit\terran\marine,30,23,19
unit\terran\marine,31,21,19
unit\terran\marine,32,21,19
unit\terran\marine,33,22,19
unit\terran\marine,34,24,18
unit\terran\marine,35,24,18
unit\terran\marine,36,24,19
unit\terran\marine,37,24,19
unit\terran\marine,38,24,21
unit\terran\marine,39,24,21
unit\terran\marine,40,24,20
unit\terran\marine,41,24,20
unit\terran\marine,42,23,20
unit\terran\marine,43,23,20
unit\terran\marine,44,23,19
unit\terran\marine,45,23,19
unit\terran\marine,46,22,19
unit\terran\marine,47,22,19
unit\terran\marine,48,22,19
unit\terran\marine,49,22,19
unit\terran\marine,50,24,19
unit\terran\marine,51,24,14
unit\terran\marine,52,24,14
unit\terran\marine,53,24,14
unit\terran\marine,54,24,14
unit\terran\marine,55,24,18
unit\terran\marine,56,24,18
unit\terran\marine,57,24,20
unit\terran\marine,58,24,20
unit\terran\marine,59,23,20
unit\terran\marine,60,23,20
unit\terran\marine,61,23,19
unit\terran\marine,62,23,19
unit\terran\marine,63,22,19
unit\terran\marine,64,22,19
unit\terran\marine,65,22,19
unit\terran\marine,66,22,19
unit\terran\marine,67,24,19
unit\terran\marine,68,21,21
unit\terran\marine,69,21,21
unit\terran\marine,70,22,19
unit\terran\marine,71,22,19
unit\terran\marine,72,23,18
unit\terran\marine,73,23,18
unit\terran\marine,74,23,18
unit\terran\marine,75,23,18
unit\terran\marine,76,24,20
unit\terran\marine,77,24,20
unit\terran\marine,78,23,20
unit\terran\marine,79,23,20
unit\terran\marine,80,23,19
unit\terran\marine,81,23,19
unit\terran\marine,82,23,19
unit\terran\marine,83,23,19
unit\terran\marine,84,22,19
unit\terran\marine,85,22,21
unit\terran\marine,86,22,21
unit\terran\marine,87,22,19
unit\terran\marine,88,22,19
unit\terran\marine,89,23,19
unit\terran\marine,90,23,19
unit\terran\marine,91,23,19
unit\terran\marine,92,23,19
unit\terran\marine,93,24,20
unit\terran\marine,94,24,20
unit\terran\marine,95,23,19
unit\terran\marine,96,23,19
unit\terran\marine,97,23,19
unit\terran\marine,98,23,19
unit\terran\marine,99,22,19
unit\terran\marine,100,22,19
unit\terran\marine,101,21,19
unit\terran\marine,102,21,21
unit\terran\marine,103,21,21
unit\terran\marine,104,23,19
unit\terran\marine,105,23,19
unit\terran\marine,106,21,19
unit\terran\marine,107,21,19
unit\terran\marine,108,21,19
unit\terran\marine,109,21,19
unit\terran\marine,110,21,19
unit\terran\marine,111,21,19
unit\terran\marine,112,23,19
unit\terran\marine,113,23,19
unit\terran\marine,114,23,19
unit\terran\marine,115,23,19
unit\terran\marine,116,22,19
unit\terran\marine,117,22,19
unit\terran\marine,118,21,18
unit\terran\marine,119,21,21
unit\terran\marine,120,21,21
unit\terran\marine,121,23,20
unit\terran\marine,122,23,20
unit\terran\marine,123,22,19
unit\terran\marine,124,22,19
unit\terran\marine,125,22,19
unit\terran\marine,126,22,19
unit\terran\marine,127,22,19
unit\terran\marine,128,22,19
unit\terran\marine,129,23,19
unit\terran\marine,130,23,19
unit\terran\marine,131,23,19
unit\terran\marine,132,23,19
unit\terran\marine,133,23,19
unit\terran\marine,134,23,19
unit\terran\marine,135,21,19
unit\terran\marine,136,20,21
unit\terran\marine,137,20,21
unit\terran\marine,138,22,19
unit\terran\marine,139,22,19
unit\terran\marine,140,23,18
unit\terran\marine,141,23,18
unit\terran\marine,142,23,18
unit\terran\marine,143,23,18
unit\terran\marine,144,24,20
unit\terran\marine,145,24,20
unit\terran\marine,146,23,20
unit\terran\marine,147,23,20
unit\terran\marine,148,23,19
unit\terran\marine,149,23,19
unit\terran\marine,150,23,19
unit\terran\marine,151,23,19
unit\terran\marine,152,21,19
unit\terran\marine,153,20,21
unit\terran\marine,154,20,21
unit\terran\marine,155,22,19
unit\terran\marine,156,22,19
unit\terran\marine,157,23,18
unit\terran\marine,158,23,18
unit\terran\marine,159,23,18
unit\terran\marine,160,23,18
unit\terran\marine,161,24,19
unit\terran\marine,162,24,19
unit\terran\marine,163,23,19
unit\terran\marine,164,23,19
unit\terran\marine,165,23,19
unit\terran\marine,166,23,19
unit\terran\marine,167,23,19
unit\terran\marine,168,23,19
unit\terran\marine,169,21,19
unit\terran\marine,170,19,21
unit\terran\marine,171,19,21
unit\terran\marine,172,22,19
unit\terran\marine,173,22,19
unit\terran\marine,174,23,17
unit\terran\marine,175,23,17
unit\terran\marine,176,23,17
unit\terran\marine,177,23,17
unit\terran\marine,178,23,18
unit\terran\marine,179,23,18
unit\terran\marine,180,22,19
unit\terran\marine,181,22,19
unit\terran\marine,182,22,19
unit\terran\marine,183,22,19
unit\terran\marine,184,23,19
unit\terran\marine,185,23,19
unit\terran\marine,186,22,18
unit\terran\marine,187,20,20
unit\terran\marine,188,20,20
unit\terran\marine,189,22,18
unit\terran\marine,190,22,18
unit\terran\marine,191,23,17
unit\terran\marine,192,23,17
unit\terran\marine,193,23,17
unit\terran\marine,194,23,17
unit\terran\marine,195,21,18
unit\terran\marine,196,21,18
unit\terran\marine,197,20,19
unit\terran\marine,198,20,19
unit\terran\marine,199,21,19
unit\terran\marine,200,21,19
unit\terran\marine,201,23,19
unit\terran\marine,202,23,19
unit\terran\marine,203,22,19
unit\terran\marine,204,21,21
unit\terran\marine,205,21,21
unit\terran\marine,206,22,19
unit\terran\marine,207,22,19
unit\terran\marine,208,24,18
unit\terran\marine,209,24,18
unit\terran\marine,210,23,18
unit\terran\marine,211,23,18
unit\terran\marine,212,21,20
unit\terran\marine,213,21,20
unit\terran\marine,214,20,19
unit\terran\marine,215,20,19
unit\terran\marine,216,21,19
unit\terran\marine,217,21,19
unit\terran\marine,218,23,19
unit\terran\marine,219,23,19
unit\terran\marine,220,21,19
unit\terran\marine,221,22,19
unit\terran\marine,222,23,19
unit\terran\marine,223,17,17
unit\terran\marine,224,12,14
unit\terran\marine,225,7,15
unit\terran\marine,226,2,17
unit\terran\marine,227,0,19
unit\terran\marine,228,0,20
unit\terran\marine,229,23,19
unit\terran\marine,230,23,19
unit\terran\marine,231,23,18
unit\terran\marine,232,23,18
unit\terran\marine,233,23,18
unit\terran\marine,234,23,18
unit\terran\marine,235,23,20
unit\terran\marine,236,23,20
unit\terran\marine,237,24,20
unit\terran\marine,238,24,20
unit\terran\marine,239,23,20
unit\terran\marine,240,23,20
unit\terran\marine,241,23,19
unit\terran\marine,242,23,19
unit\terran\marine,243,22,19
unit\terran\marine,244,22,19
unit\terran\marine,245,21,19
unit\terran\marine,246,24,18
unit\terran\marine,247,24,18
unit\terran\marine,248,24,18
unit\terran\marine,249,24,18
unit\terran\marine,250,23,20
unit\terran\marine,251,23,20
unit\terran\marine,252,24,20
unit\terran\marine,253,24,20
unit\terran\marine,254,23,20
unit\terran\marine,255,23,20
unit\terran\marine,256,23,19
unit\terran\marine,257,23,19
unit\terran\marine,258,23,19
unit\terran\marine,259,23,19
unit\terran\marine,260,21,19
unit\terran\marine,261,21,19
unit\terran\marine,262,22,19
unit\terran\marine,263,24,18
unit\terran\marine,264,24,18
unit\terran\marine,265,24,19
unit\terran\marine,266,24,19
unit\terran\marine,267,24,21
unit\terran\marine,268,24,21
unit\terran\marine,269,24,20
unit\terran\marine,270,24,20
unit\terran\marine,271,23,20
unit\terran\marine,272,23,20
unit\terran\marine,273,23,19
unit\terran\marine,274,23,19
unit\terran\marine,275,22,19
unit\terran\marine,276,22,19
unit\terran\marine,277,22,19
unit\terran\marine,278,22,19
unit\terran\marine,279,24,19
unit\terran\marine,280,24,14
unit\terran\marine,281,24,14
unit\terran\marine,282,24,14
unit\terran\marine,283,24,14
unit\terran\marine,284,24,18
unit\terran\marine,285,24,18
unit\terran\marine,286,24,20
unit\terran\marine,287,24,20
unit\terran\marine,288,23,20
unit\terran\marine,289,23,20
unit\terran\marine,290,23,19
unit\terran\marine,291,23,19
unit\terran\marine,292,22,19
unit\terran\marine,293,22,19
unit\terran\marine,294,22,19
unit\terran\marine,295,22,19
unit\terran\marine,296,24,19
unit\terran\marine,297,21,21
unit\terran\marine,298,21,21
unit\terran\marine,299,22,19
unit\terran\marine,300,22,19
unit\terran\marine,301,23,18
unit\terran\marine,302,23,18
unit\terran\marine,303,23,18
unit\terran\marine,304,23,18
unit\terran\marine,305,24,20
unit\terran\marine,306,24,20
unit\terran\marine,307,23,20
unit\terran\marine,308,23,20
unit\terran\marine,309,23,19
unit\terran\marine,310,23,19
unit\terran\marine,311,23,19
unit\terran\marine,312,23,19
unit\terran\marine,313,22,19
unit\terran\marine,314,22,21
unit\terran\marine,315,22,21
unit\terran\marine,316,22,19
unit\terran\marine,317,22,19
unit\terran\marine,318,23,19
unit\terran\marine,319,23,19
unit\terran\marine,320,23,19
unit\terran\marine,321,23,19
unit\terran\marine,322,24,20
unit\terran\marine,323,24,20
unit\terran\marine,324,23,19
unit\terran\marine,325,23,19
unit\terran\marine,326,23,19
unit\terran\marine,327,23,19
unit\terran\marine,328,22,19
unit\terran\marine,329,22,19
unit\terran\marine,330,21,19
unit\terran\marine,331,21,21
unit\terran\marine,332,21,21
unit\terran\marine,333,23,19
unit\terran\marine,334,23,19
unit\terran\marine,335,21,19
unit\terran\marine,336,21,19
unit\terran\marine,337,21,19
unit\terran\marine,338,21,19
unit\terran\marine,339,21,19
unit\terran\marine,340,21,19
unit\terran\marine,341,23,19
unit\terran\marine,342,23,19
unit\terran\marine,343,23,19
unit\terran\marine,344,23,19
unit\terran\marine,345,22,19
unit\terran\marine,346,22,19
unit\terran\marine,347,21,18
unit\terran\marine,348,21,21
unit\terran\marine,349,21,21
unit\terran\marine,350,23,20
unit\terran\marine,351,23,20
unit\terran\marine,352,22,19
unit\terran\marine,353,22,19
unit\terran\marine,354,22,19
unit\terran\marine,355,22,19
unit\terran\marine,356,22,19
unit\terran\marine,357,22,19
unit\terran\marine,358,23,19
unit\terran\marine,359,23,19
unit\terran\marine,360,23,19
unit\terran\marine,361,23,19
unit\terran\marine,362,23,19
unit\terran\marine,363,23,19
unit\terran\marine,364,21,19
unit\terran\marine,365,20,21
unit\terran\marine,366,20,21
unit\terran\marine,367,22,19
unit\terran\marine,368,22,19
unit\terran\marine,369,23,18
unit\terran\marine,370,23,18
unit\terran\marine,371,23,18
unit\terran\marine,372,23,18
unit\terran\marine,373,24,20
unit\terran\marine,374,24,20
unit\terran\marine,375,23,20
unit\terran\marine,376,23,20
unit\terran\marine,377,23,19
unit\terran\marine,378,23,19
unit\terran\marine,379,23,19
unit\terran\marine,380,23,19
unit\terran\marine,381,21,19
unit\terran\marine,382,20,21
unit\terran\marine,383,20,21
unit\terran\marine,384,22,19
unit\terran\marine,385,22,19
unit\terran\marine,386,23,18
unit\terran\marine,387,23,18
unit\terran\marine,388,23,18
unit\terran\marine,389,23,18
unit\terran\marine,390,24,19
unit\terran\marine,391,24,19
unit\terran\marine,392,23,19
unit\terran\marine,393,23,19
unit\terran\marine,394,23,19
unit\terran\marine,395,23,19
unit\terran\marine,396,23,19
unit\terran\marine,397,23,19
unit\terran\marine,398,21,19
unit\terran\marine,399,19,21
unit\terran\marine,400,19,21
unit\terran\marine,401,22,19
unit\terran\marine,402,22,19
unit\terran\marine,403,23,17
unit\terran\marine,404,23,17
unit\terran\marine,405,23,17
unit\terran\marine,406,23,17
unit\terran\marine,407,23,18
unit\terran\marine,408,23,18
unit\terran\marine,409,22,19
unit\terran\marine,410,22,19
unit\terran\marine,411,22,19
unit\terran\marine,412,22,19
unit\terran\marine,413,23,19
unit\terran\marine,414,23,19
unit\terran\marine,415,22,18
unit\terran\marine,416,20,20
unit\terran\marine,417,20,20
unit\terran\marine,418,22,18
unit\terran\marine,419,22,18
unit\terran\marine,420,23,17
unit\terran\marine,421,23,17
unit\terran\marine,422,23,17
unit\terran\marine,423,23,17
unit\terran\marine,424,21,18
unit\terran\marine,425,21,18
unit\terran\marine,426,20,19
unit\terran\marine,427,20,19
unit\terran\marine,428,21,19
unit\terran\marine,429,21,19
unit\terran\marine,430,23,19
unit\terran\marine,431,23,19
unit\terran\marine,432,22,19
unit\terran\marine,433,21,21
unit\terran\marine,434,21,21
unit\terran\marine,435,22,19
unit\terran\marine,436,22,19
unit\terran\marine,437,24,18
unit\terran\marine,438,24,18
unit\terran\marine,439,23,18
unit\terran\marine,440,23,18
unit\terran\marine,441,21,20
unit\terran\marine,442,21,20
unit\terran\marine,443,20,19
unit\terran\marine,444,20,19
unit\terran\marine,445,21,19
unit\terran\marine,446,21,19
unit\terran\marine,447,23,19
unit\terran\marine,448,23,19
unit\terran\marine,449,21,19
unit\terran\marine,450,22,19
unit\terran\marine,451,23,19
unit\terran\scv,0,21,19
unit\terran\scv,1,21,19
unit\terran\scv,2,23,17
unit\terran\scv,3,23,17
unit\terran\scv,4,24,16
unit\terran\scv,5,24,16
unit\terran\scv,6,24,17
unit\terran\scv,7,24,17
unit\terran\scv,8,25,17
unit\terran\scv,9,25,17
unit\terran\scv,10,24,15
unit\terran\scv,11,24,15
unit\terran\scv,12,24,14
unit\terran\scv,13,24,14
unit\terran\scv,14,23,14
unit\terran\scv,15,23,14
unit\terran\scv,16,20,15
unit\terran\scv,17,13,14
unit\terran\scv,18,13,14
unit\terran\scv,19,16,18
unit\terran\scv,20,16,18
unit\terran\scv,21,22,17
unit\terran\scv,22,22,17
unit\terran\scv,23,24,16
unit\terran\scv,24,24,16
unit\terran\scv,25,25,17
unit\terran\scv,26,25,17
unit\terran\scv,27,24,15
unit\terran\scv,28,24,15
unit\terran\scv,29,24,14
unit\terran\scv,30,24,14
unit\terran\scv,31,25,14
unit\terran\scv,32,25,14
unit\terran\scv,33,23,15
unit\terran\scv,34,13,14
unit\terran\scv,35,13,14
unit\terran\scv,36,16,18
unit\terran\scv,37,16,18
unit\terran\scv,38,22,17
unit\terran\scv,39,22,17
unit\terran\scv,40,24,16
unit\terran\scv,41,24,16
unit\terran\scv,42,25,17
unit\terran\scv,43,25,17
unit\terran\scv,44,24,15
unit\terran\scv,45,24,15
unit\terran\scv,46,24,14
unit\terran\scv,47,24,14
unit\terran\scv,48,25,14
unit\terran\scv,49,25,14
unit\terran\scv,50,23,15
unit\terran\scv,51,21,19
unit\terran\scv,52,21,19
unit\terran\scv,53,23,17
unit\terran\scv,54,23,17
unit\terran\scv,55,24,16
unit\terran\scv,56,24,16
unit\terran\scv,57,24,17
unit\terran\scv,58,24,17
unit\terran\scv,59,25,17
unit\terran\scv,60,25,17
unit\terran\scv,61,24,15
unit\terran\scv,62,24,15
unit\terran\scv,63,24,14
unit\terran\scv,64,24,14
unit\terran\scv,65,23,14
unit\terran\scv,66,23,14
unit\terran\scv,67,20,15
unit\terran\scv,68,13,14
unit\terran\scv,69,13,14
unit\terran\scv,70,16,18
unit\terran\scv,71,16,18
unit\terran\scv,72,22,17
unit\terran\scv,73,22,17
unit\terran\scv,74,24,16
unit\terran\scv,75,24,16
unit\terran\scv,76,25,17
unit\terran\scv,77,25,17
unit\terran\scv,78,24,15
unit\terran\scv,79,24,15
unit\terran\scv,80,24,14
unit\terran\scv,81,24,14
unit\terran\scv,82,25,14
unit\terran\scv,83,25,14
unit\terran\scv,84,23,15
unit\terran\scv,85,13,14
unit\terran\scv,86,13,14
unit\terran\scv,87,16,18
unit\terran\scv,88,16,18
unit\terran\scv,89,22,17
unit\terran\scv,90,22,17
unit\terran\scv,91,24,16
unit\terran\scv,92,24,16
unit\terran\scv,93,25,17
unit\terran\scv,94,25,17
unit\terran\scv,95,24,15
unit\terran\scv,96,24,15
unit\terran\scv,97,24,14
unit\terran\scv,98,24,14
unit\terran\scv,99,25,14
unit\terran\scv,100,25,14
unit\terran\scv,101,23,15
unit\terran\tccshad,0,0,26
unit\terran\tccshad,1,0,33
unit\terran\tccshad,2,1,28
unit\terran\tccshad,3,1,28
unit\terran\tccshad,4,1,28
unit\terran\tccshad,5,1,28
unit\terran\tmadeath,0,0,24
unit\terran\tmadeath,1,0,25
unit\terran\tmadeath,2,0,27
unit\terran\tmashad,0,14,28
unit\terran\tmashad,1,14,28
unit\terran\tmashad,2,13,27
unit\terran\tmashad,3,13,27
unit\terran\tmashad,4,14,28
unit\terran\tmashad,5,14,28
unit\terran\tmashad,6,14,28
unit\terran\tmashad,7,14,28
unit\terran\tmashad,8,14,28
unit\terran\tmashad,9,14,28
unit\terran\tmashad,10,14,27
unit\terran\tmashad,11,14,27
unit\terran\tmashad,12,15,30
unit\terran\tmashad,13,15,30
unit\terran\tmashad,14,15,29
unit\terran\tmashad,15,15,29
unit\terran\tmashad,16,13,29
unit\terran\tmashad,17,14,28
unit\terran\tmashad,18,14,28
unit\terran\tmashad,19,13,27
unit\terran\tmashad,20,13,27
unit\terran\tmashad,21,14,28
unit\terran\tmashad,22,14,28
unit\terran\tmashad,23,14,28
unit\terran\tmashad,24,14,28
unit\terran\tmashad,25,14,28
unit\terran\tmashad,26,14,28
unit\terran\tmashad,27,14,27
unit\terran\tmashad,28,14,27
unit\terran\tmashad,29,15,30
unit\terran\tmashad,30,15,30
unit\terran\tmashad,31,15,29
unit\terran\tmashad,32,15,29
unit\terran\tmashad,33,13,29
unit\terran\tmashad,34,14,28
unit\terran\tmashad,35,14,28
unit\terran\tmashad,36,13,27
unit\terran\tmashad,37,13,27
unit\terran\tmashad,38,14,28
unit\terran\tmashad,39,14,28
unit\terran\tmashad,40,14,28
unit\terran\tmashad,41,14,28
unit\terran\tmashad,42,14,28
unit\terran\tmashad,43,14,28
unit\terran\tmashad,44,14,27
unit\terran\tmashad,45,14,27
unit\terran\tmashad,46,15,30
unit\terran\tmashad,47,15,30
unit\terran\tmashad,48,15,29
unit\terran\tmashad,49,15,29
unit\terran\tmashad,50,13,29
unit\terran\tmashad,51,14,28
unit\terran\tmashad,52,14,28
unit\terran\tmashad,53,13,27
unit\terran\tmashad,54,13,27
unit\terran\tmashad,55,14,28
unit\terran\tmashad,56,14,28
unit\terran\tmashad,57,14,28
unit\terran\tmashad,58,14,28
unit\terran\tmashad,59,14,28
unit\terran\tmashad,60,14,28
unit\terran\tmashad,61,14,27
unit\terran\tmashad,62,14,27
unit\terran\tmashad,63,15,30
unit\terran\tmashad,64,15,30
unit\terran\tmashad,65,15,29
unit\terran\tmashad,66,15,29
unit\terran\tmashad,67,13,29
unit\terran\tmashad,68,14,28
unit\terran\tmashad,69,14,28
unit\terran\tmashad,70,13,27
unit\terran\tmashad,71,13,27
unit\terran\tmashad,72,14,28
unit\terran\tmashad,73,14,28
unit\terran\tmashad,74,14,28
unit\terran\tmashad,75,14,28
unit\terran\tmashad,76,14,28
unit\terran\tmashad,77,14,28
unit\terran\tmashad,78,14,27
unit\terran\tmashad,79,14,27
unit\terran\tmashad,80,15,30
unit\terran\tmashad,81,15,30
unit\terran\tmashad,82,15,29
unit\terran\tmashad,83,15,29
unit\terran\tmashad,84,13,29
unit\terran\tmashad,85,14,27
unit\terran\tmashad,86,14,27
unit\terran\tmashad,87,13,28
unit\terran\tmashad,88,13,28
unit\terran\tmashad,89,12,29
unit\terran\tmashad,90,12,29
unit\terran\tmashad,91,13,28
unit\terran\tmashad,92,13,28
unit\terran\tmashad,93,13,29
unit\terran\tmashad,94,13,29
unit\terran\tmashad,95,15,28
unit\terran\tmashad,96,15,28
unit\terran\tmashad,97,14,27
unit\terran\tmashad,98,14,27
unit\terran\tmashad,99,14,26
unit\terran\tmashad,100,14,26
unit\terran\tmashad,101,14,26
unit\terran\tmashad,102,14,28
unit\terran\tmashad,103,14,28
unit\terran\tmashad,104,12,28
unit\terran\tmashad,105,12,28
unit\terran\tmashad,106,10,28
unit\terran\tmashad,107,10,28
unit\terran\tmashad,108,8,26
unit\terran\tmashad,109,8,26
unit\terran\tmashad,110,9,24
unit\terran\tmashad,111,9,24
unit\terran\tmashad,112,16,27
unit\terran\tmashad,113,16,27
unit\terran\tmashad,114,13,28
unit\terran\tmashad,115,13,28
unit\terran\tmashad,116,15,27
unit\terran\tmashad,117,15,27
unit\terran\tmashad,118,14,27
unit\terran\tmashad,119,13,30
unit\terran\tmashad,120,13,30
unit\terran\tmashad,121,12,28
unit\terran\tmashad,122,12,28
unit\terran\tmashad,123,11,26
unit\terran\tmashad,124,11,26
unit\terran\tmashad,125,10,27
unit\terran\tmashad,126,10,27
unit\terran\tmashad,127,11,25
unit\terran\tmashad,128,11,25
unit\terran\tmashad,129,15,27
unit\terran\tmashad,130,15,27
unit\terran\tmashad,131,14,27
unit\terran\tmashad,132,14,27
unit\terran\tmashad,133,16,27
unit\terran\tmashad,134,16,27
unit\terran\tmashad,135,14,27
unit\terran\tmashad,136,14,30
unit\terran\tmashad,137,14,30
unit\terran\tmashad,138,12,27
unit\terran\tmashad,139,12,27
unit\terran\tmashad,140,12,27
unit\terran\tmashad,141,12,27
unit\terran\tmashad,142,12,25
unit\terran\tmashad,143,12,25
unit\terran\tmashad,144,11,23
unit\terran\tmashad,145,11,23
unit\terran\tmashad,146,14,28
unit\terran\tmashad,147,14,28
unit\terran\tmashad,148,13,27
unit\terran\tmashad,149,13,27
unit\terran\tmashad,150,15,27
unit\terran\tmashad,151,15,27
unit\terran\tmashad,152,14,26
unit\terran\tmashad,153,14,28
unit\terran\tmashad,154,14,28
unit\terran\tmashad,155,14,26
unit\terran\tmashad,156,14,26
unit\terran\tmashad,157,14,29
unit\terran\tmashad,158,14,29
unit\terran\tmashad,159,14,28
unit\terran\tmashad,160,14,28
unit\terran\tmashad,161,13,26
unit\terran\tmashad,162,13,26
unit\terran\tmashad,163,12,26
unit\terran\tmashad,164,12,26
unit\terran\tmashad,165,12,27
unit\terran\tmashad,166,12,27
unit\terran\tmashad,167,13,28
unit\terran\tmashad,168,13,28
unit\terran\tmashad,169,14,26
unit\terran\tmashad,170,14,29
unit\terran\tmashad,171,14,29
unit\terran\tmashad,172,15,28
unit\terran\tmashad,173,15,28
unit\terran\tmashad,174,15,29
unit\terran\tmashad,175,15,29
unit\terran\tmashad,176,13,26
unit\terran\tmashad,177,13,26
unit\terran\tmashad,178,12,27
unit\terran\tmashad,179,12,27
unit\terran\tmashad,180,10,26
unit\terran\tmashad,181,10,26
unit\terran\tmashad,182,12,28
unit\terran\tmashad,183,12,28
unit\terran\tmashad,184,14,27
unit\terran\tmashad,185,14,27
unit\terran\tmashad,186,15,26
unit\terran\tmashad,187,14,29
unit\terran\tmashad,188,14,29
unit\terran\tmashad,189,15,29
unit\terran\tmashad,190,15,29
unit\terran\tmashad,191,14,30
unit\terran\tmashad,192,14,30
unit\terran\tmashad,193,12,30
unit\terran\tmashad,194,12,30
unit\terran\tmashad,195,10,28
unit\terran\tmashad,196,10,28
unit\terran\tmashad,197,9,27
unit\terran\tmashad,198,9,27
unit\terran\tmashad,199,11,28
unit\terran\tmashad,200,11,28
unit\terran\tmashad,201,13,27
unit\terran\tmashad,202,13,27
unit\terran\tmashad,203,15,26
unit\terran\tmashad,204,14,30
unit\terran\tmashad,205,14,30
unit\terran\tmashad,206,14,29
unit\terran\tmashad,207,14,29
unit\terran\tmashad,208,14,31
unit\terran\tmashad,209,14,31
unit\terran\tmashad,210,11,28
unit\terran\tmashad,211,11,28
unit\terran\tmashad,212,10,24
unit\terran\tmashad,213,10,24
unit\terran\tmashad,214,9,29
unit\terran\tmashad,215,9,29
unit\terran\tmashad,216,12,27
unit\terran\tmashad,217,12,27
unit\terran\tmashad,218,12,26
unit\terran\tmashad,219,12,26
unit\terran\tmashad,220,15,27
unit\thingy\o022,0,6,10
unit\thingy\o032,0,4,11
unit\thingy\o048,0,8,18
unit\thingy\o062,0,1,14
unit\thingy\o072,0,4,19
unit\thingy\o094,0,1,20
unit\thingy\o110,0,9,30
unit\thingy\o122,0,3,27
unit\thingy\o146,0,1,30
unit\thingy\o224,0,1,45
unit\thingy\od022,0,6,11
unit\thingy\od032,0,4,13
unit\thingy\od048,0,6,18
unit\thingy\od062,0,1,15
unit\thingy\od072,0,5,22
unit\thingy\od094,0,2,23
unit\thingy\od110,0,9,34
unit\thingy\od122,0,3,31
unit\thingy\od146,0,1,34
unit\thingy\od224,0,2,51
unit\thingy\tscglow,0,15,22
unit\thingy\tscglow,1,15,22
unit\thingy\tscglow,2,12,21
unit\thingy\tscglow,3,12,21
unit\thingy\tscglow,4,12,20
unit\thingy\tscglow,5,12,20
unit\thingy\tscglow,6,10,17
unit\thingy\tscglow,7,10,17
unit\thingy\tscglow,8,11,15
unit\thingy\tscglow,9,11,15
unit\thingy\tscglow,10,9,16
unit\thingy\tscglow,11,9,16
unit\thingy\tscglow,12,10,14
unit\thingy\tscglow,13,10,14
unit\thingy\tscglow,14,10,11
unit\thingy\tscglow,15,10,11
unit\thingy\tscglow,16,11,8
unit\thingy\tscglow,17,15,22
unit\thingy\tscglow,18,15,22
unit\thingy\tscglow,19,12,21
unit\thingy\tscglow,20,12,21
unit\thingy\tscglow,21,12,20
unit\thingy\tscglow,22,12,20
unit\thingy\tscglow,23,10,17
unit\thingy\tscglow,24,10,17
unit\thingy\tscglow,25,11,15
unit\thingy\tscglow,26,11,15
unit\thingy\tscglow,27,9,16
unit\thingy\tscglow,28,9,16
unit\thingy\tscglow,29,10,14
unit\thingy\tscglow,30,10,14
unit\thingy\tscglow,31,10,11
unit\thingy\tscglow,32,10,11
unit\thingy\tscglow,33,11,8
unit\thingy\tscglow,34,16,23
unit\thingy\tscglow,35,16,23
unit\thingy\tscglow,36,13,22
unit\thingy\tscglow,37,13,22
unit\thingy\tscglow,38,13,20
unit\thingy\tscglow,39,13,20
unit\thingy\tscglow,40,11,18
unit\thingy\tscglow,41,11,18
unit\thingy\tscglow,42,12,16
unit\thingy\tscglow,43,12,16
unit\thingy\tscglow,44,10,17
unit\thingy\tscglow,45,10,17
unit\thingy\tscglow,46,11,15
unit\thingy\tscglow,47,11,15
unit\thingy\tscglow,48,11,12
unit\thingy\tscglow,49,11,12
unit\thingy\tscglow,50,12,9
unit\thingy\tscglow,51,16,23
unit\thingy\tscglow,52,16,23
unit\thingy\tscglow,53,13,22
unit\thingy\tscglow,54,13,22
unit\thingy\tscglow,55,13,20
unit\thingy\tscglow,56,13,20
unit\thingy\tscglow,57,11,18
unit\thingy\tscglow,58,11,18
unit\thingy\tscglow,59,12,16
unit\thingy\tscglow,60,12,16
unit\thingy\tscglow,61,10,17
unit\thingy\tscglow,62,10,17
unit\thingy\tscglow,63,11,15
unit\thingy\tscglow,64,11,15
unit\thingy\tscglow,65,11,12
unit\thingy\tscglow,66,11,12
unit\thingy\tscglow,67,12,9
unit\wirefram\grpwire,0,7,0
unit\wirefram\grpwire,1,3,1
unit\wirefram\grpwire,2,0,3
unit\wirefram\grpwire,3,3,0
unit\wirefram\grpwire,4,1,5
unit\wirefram\grpwire,5,1,0
unit\wirefram\grpwire,6,1,5
unit\wirefram\grpwire,7,3,0
unit\wirefram\grpwire,8,0,4
unit\wirefram\grpwire,9,0,0
unit\wirefram\grpwire,10,4,0
unit\wirefram\grpwire,11,0,0
unit\wirefram\grpwire,12,0,1
unit\wirefram\grpwire,13,2,0
unit\wirefram\grpwire,14,1,5
unit\wirefram\grpwire,15,6,2
unit\wirefram\grpwire,16,3,0
unit\wirefram\grpwire,17,3,0
unit\wirefram\grpwire,18,1,5
unit\wirefram\grpwire,19,0,3
unit\wirefram\grpwire,20,7,0
unit\wirefram\grpwire,21,0,4
unit\wirefram\grpwire,22,0,0
unit\wirefram\grpwire,23,1,0
unit\wirefram\grpwire,24,1,5
unit\wirefram\grpwire,25,1,0
unit\wirefram\grpwire,26,1,5
unit\wirefram\grpwire,27,1,5
unit\wirefram\grpwire,28,0,1
unit\wirefram\grpwire,29,0,1
unit\wirefram\grpwire,30,1,0
unit\wirefram\grpwire,31,1,5
unit\wirefram\grpwire,32,4,0
unit\wirefram\grpwire,33,7,0
unit\wirefram\grpwire,34,6,0
unit\wirefram\grpwire,35,2,0
unit\wirefram\grpwire,36,0,2
unit\wirefram\grpwire,37,4,0
unit\wirefram\grpwire,38,3,0
unit\wirefram\grpwire,39,0,3
unit\wirefram\grpwire,40,3,1
unit\wirefram\grpwire,41,0,1
unit\wirefram\grpwire,42,3,0
unit\wirefram\grpwire,43,0,2
unit\wirefram\grpwire,44,0,2
unit\wirefram\grpwire,45,0,0
unit\wirefram\grpwire,46,0,1
unit\wirefram\grpwire,47,1,2
unit\wirefram\grpwire,48,0,3
unit\wirefram\grpwire,49,0,0
unit\wirefram\grpwire,50,1,0
unit\wirefram\grpwire,51,2,1
unit\wirefram\grpwire,52,0,1
unit\wirefram\grpwire,53,3,0
unit\wirefram\grpwire,54,4,0
unit\wirefram\grpwire,55,0,2
unit\wirefram\grpwire,56,0,2
unit\wirefram\grpwire,57,3,0
unit\wirefram\grpwire,58,0,2
unit\wirefram\grpwire,59,0,2
unit\wirefram\grpwire,60,1,2
unit\wirefram\grpwire,61,0,0
unit\wirefram\grpwire,62,0,1
unit\wirefram\grpwire,63,2,1
unit\wirefram\grpwire,64,1,0
unit\wirefram\grpwire,65,1,0
unit\wirefram\grpwire,66,4,1
unit\wirefram\grpwire,67,0,0
unit\wirefram\grpwire,68,0,0
unit\wirefram\grpwire,69,0,4
unit\wirefram\grpwire,70,0,0
unit\wirefram\grpwire,71,0,0
unit\wirefram\grpwire,72,0,0
unit\wirefram\grpwire,73,0,4
unit\wirefram\grpwire,74,0,0
unit\wirefram\grpwire,75,0,0
unit\wirefram\grpwire,76,0,0
unit\wirefram\grpwire,77,1,0
unit\wirefram\grpwire,78,4,1
unit\wirefram\grpwire,79,0,0
unit\wirefram\grpwire,80,0,0
unit\wirefram\grpwire,81,0,2
unit\wirefram\grpwire,82,0,0
unit\wirefram\grpwire,83,0,2
unit\wirefram\grpwire,84,1,1
unit\wirefram\grpwire,85,1,5
unit\wirefram\grpwire,86,0,0
unit\wirefram\grpwire,87,1,5
unit\wirefram\grpwire,88,0,0
unit\wirefram\grpwire,89,0,3
unit\wirefram\grpwire,90,0,4
unit\wirefram\grpwire,91,0,3
unit\wirefram\grpwire,92,0,3
unit\wirefram\grpwire,93,1,0
unit\wirefram\grpwire,94,0,0
unit\wirefram\grpwire,95,0,5
unit\wirefram\grpwire,96,1,5
unit\wirefram\grpwire,97,2,8
unit\wirefram\grpwire,98,0,0
unit\wirefram\grpwire,99,3,1
unit\wirefram\grpwire,100,3,1
unit\wirefram\grpwire,101,0,3
unit\wirefram\grpwire,102,0,1
unit\wirefram\grpwire,103,0,3
unit\wirefram\grpwire,104,3,1
unit\wirefram\grpwire,105,1,5
unit\wirefram\grpwire,106,0,2
unit\wirefram\grpwire,107,1,5
unit\wirefram\grpwire,108,1,5
unit\wirefram\grpwire,109,1,5
unit\wirefram\grpwire,110,1,5
unit\wirefram\grpwire,111,0,1
unit\wirefram\grpwire,112,1,5
unit\wirefram\grpwire,113,0,1
unit\wirefram\grpwire,114,0,0
unit\wirefram\grpwire,115,1,5
unit\wirefram\grpwire,116,0,5
unit\wirefram\grpwire,117,1,5
unit\wirefram\grpwire,118,1,5
unit\wirefram\grpwire,119,1,5
unit\wirefram\grpwire,120,1,5
unit\wirefram\grpwire,121,1,5
unit\wirefram\grpwire,122,0,5
unit\wirefram\grpwire,123,1,5
unit\wirefram\grpwire,124,1,5
unit\wirefram\grpwire,125,1,5
unit\wirefram\grpwire,126,1,5
unit\wirefram\grpwire,127,1,5
unit\wirefram\grpwire,128,1,5
unit\wirefram\grpwire,129,1,5
unit\wirefram\grpwire,130,1,5
unit\wirefram\grpwire\000,0,7,0
unit\wirefram\grpwire\000,1,7,0
unit\wirefram\grpwire\000,2,7,0
unit\wirefram\grpwire\000,3,7,0
unit\wirefram\grpwire\000,4,7,0
unit\wirefram\grpwire\007,0,3,0
unit\wirefram\grpwire\007,1,3,0
unit\wirefram\grpwire\007,2,3,0
unit\wirefram\grpwire\007,3,3,0
unit\wirefram\grpwire\007,4,3,0
unit\wirefram\grpwire\106,0,0,2
unit\wirefram\grpwire\106,1,0,2
unit\wirefram\grpwire\106,2,0,2
unit\wirefram\grpwire\106,3,0,2
unit\wirefram\grpwire\106,4,0,2
unit\wirefram\wirefram,0,13,0
unit\wirefram\wirefram,1,7,2
unit\wirefram\wirefram,2,0,6
unit\wirefram\wirefram,3,5,0
unit\wirefram\wirefram,4,1,5
unit\wirefram\wirefram,5,1,0
unit\wirefram\wirefram,6,1,5
unit\wirefram\wirefram,7,5,0
unit\wirefram\wirefram,8,0,7
unit\wirefram\wirefram,9,0,0
unit\wirefram\wirefram,10,6,0
unit\wirefram\wirefram,11,0,2
unit\wirefram\wirefram,12,0,1
unit\wirefram\wirefram,13,1,6
unit\wirefram\wirefram,14,1,5
unit\wirefram\wirefram,15,13,3
unit\wirefram\wirefram,16,7,1
unit\wirefram\wirefram,17,5,0
unit\wirefram\wirefram,18,1,5
unit\wirefram\wirefram,19,0,6
unit\wirefram\wirefram,20,13,0
unit\wirefram\wirefram,21,0,7
unit\wirefram\wirefram,22,0,0
unit\wirefram\wirefram,23,1,0
unit\wirefram\wirefram,24,1,5
unit\wirefram\wirefram,25,0,0
unit\wirefram\wirefram,26,1,5
unit\wirefram\wirefram,27,1,5
unit\wirefram\wirefram,28,0,1
unit\wirefram\wirefram,29,0,1
unit\wirefram\wirefram,30,0,0
unit\wirefram\wirefram,31,1,5
unit\wirefram\wirefram,32,6,0
unit\wirefram\wirefram,33,13,0
unit\wirefram\wirefram,34,12,0
unit\wirefram\wirefram,35,10,8
unit\wirefram\wirefram,36,7,11
unit\wirefram\wirefram,37,11,0
unit\wirefram\wirefram,38,11,5
unit\wirefram\wirefram,39,0,6
unit\wirefram\wirefram,40,3,5
unit\wirefram\wirefram,41,5,12
unit\wirefram\wirefram,42,7,1
unit\wirefram\wirefram,43,2,7
unit\wirefram\wirefram,44,0,8
unit\wirefram\wirefram,45,4,6
unit\wirefram\wirefram,46,1,6
unit\wirefram\wirefram,47,1,4
unit\wirefram\wirefram,48,0,6
unit\wirefram\wirefram,49,4,6
unit\wirefram\wirefram,50,9,1
unit\wirefram\wirefram,51,0,0
unit\wirefram\wirefram,52,1,6
unit\wirefram\wirefram,53,11,5
unit\wirefram\wirefram,54,11,0
unit\wirefram\wirefram,55,2,7
unit\wirefram\wirefram,56,0,8
unit\wirefram\wirefram,57,7,1
unit\wirefram\wirefram,58,0,3
unit\wirefram\wirefram,59,11,15
unit\wirefram\wirefram,60,2,4
unit\wirefram\wirefram,61,0,0
unit\wirefram\wirefram,62,0,1
unit\wirefram\wirefram,63,3,0
unit\wirefram\wirefram,64,3,1
unit\wirefram\wirefram,65,1,0
unit\wirefram\wirefram,66,7,1
unit\wirefram\wirefram,67,0,0
unit\wirefram\wirefram,68,1,3
unit\wirefram\wirefram,69,0,3
unit\wirefram\wirefram,70,0,2
unit\wirefram\wirefram,71,0,0
unit\wirefram\wirefram,72,1,0
unit\wirefram\wirefram,73,0,5
unit\wirefram\wirefram,74,0,0
unit\wirefram\wirefram,75,0,0
unit\wirefram\wirefram,76,1,3
unit\wirefram\wirefram,77,1,0
unit\wirefram\wirefram,78,7,1
unit\wirefram\wirefram,79,0,0
unit\wirefram\wirefram,80,0,2
unit\wirefram\wirefram,81,3,6
unit\wirefram\wirefram,82,1,0
unit\wirefram\wirefram,83,3,6
unit\wirefram\wirefram,84,5,4
unit\wirefram\wirefram,85,1,5
unit\wirefram\wirefram,86,0,0
unit\wirefram\wirefram,87,1,5
unit\wirefram\wirefram,88,0,2
unit\wirefram\wirefram,89,1,6
unit\wirefram\wirefram,90,0,9
unit\wirefram\wirefram,91,0,6
unit\wirefram\wirefram,92,0,3
unit\wirefram\wirefram,93,3,0
unit\wirefram\wirefram,94,0,1
unit\wirefram\wirefram,95,0,10
unit\wirefram\wirefram,96,2,10
unit\wirefram\wirefram,97,5,16
unit\wirefram\wirefram,98,0,0
unit\wirefram\wirefram,99,7,2
unit\wirefram\wirefram,100,7,2
unit\wirefram\wirefram,101,1,5
unit\wirefram\wirefram,102,0,1
unit\wirefram\wirefram,103,0,6
unit\wirefram\wirefram,104,8,2
unit\wirefram\wirefram,105,1,5
unit\wirefram\wirefram,106,0,3
unit\wirefram\wirefram,107,0,1
unit\wirefram\wirefram,108,0,0
unit\wirefram\wirefram,109,0,6
unit\wirefram\wirefram,110,0,6
unit\wirefram\wirefram,111,0,2
unit\wirefram\wirefram,112,0,0
unit\wirefram\wirefram,113,0,0
unit\wirefram\wirefram,114,0,0
unit\wirefram\wirefram,115,0,0
unit\wirefram\wirefram,116,0,9
unit\wirefram\wirefram,117,0,4
unit\wirefram\wirefram,118,0,0
unit\wirefram\wirefram,119,1,5
unit\wirefram\wirefram,120,1,1
unit\wirefram\wirefram,121,0,1
unit\wirefram\wirefram,122,0,9
unit\wirefram\wirefram,123,0,0
unit\wirefram\wirefram,124,7,0
unit\wirefram\wirefram,125,0,11
unit\wirefram\wirefram,126,0,7
unit\wirefram\wirefram,127,4,14
unit\wirefram\wirefram,128,13,7
unit\wirefram\wirefram,129,13,7
unit\wirefram\wirefram,130,0,4
unit\wirefram\wirefram,131,3,11
unit\wirefram\wirefram,132,0,0
unit\wirefram\wirefram,133,2,0
unit\wirefram\wirefram,134,0,0
unit\wirefram\wirefram,135,0,1
unit\wirefram\wirefram,136,1,6
unit\wirefram\wirefram,137,8,0
unit\wirefram\wirefram,138,0,1
unit\wirefram\wirefram,139,0,1
unit\wirefram\wirefram,140,0,1
unit\wirefram\wirefram,141,7,0
unit\wirefram\wirefram,142,0,10
unit\wirefram\wirefram,143,1,8
unit\wirefram\wirefram,144,2,0
unit\wirefram\wirefram,145,1,5
unit\wirefram\wirefram,146,0,6
unit\wirefram\wirefram,147,0,6
unit\wirefram\wirefram,148,0,10
unit\wirefram\wirefram,149,2,1
unit\wirefram\wirefram,150,1,1
unit\wirefram\wirefram,151,0,10
unit\wirefram\wirefram,152,0,10
unit\wirefram\wirefram,153,1,5
unit\wirefram\wirefram,154,0,0
unit\wirefram\wirefram,155,0,0
unit\wirefram\wirefram,156,3,0
unit\wirefram\wirefram,157,0,5
unit\wirefram\wirefram,158,1,5
unit\wirefram\wirefram,159,0,4
unit\wirefram\wirefram,160,0,2
unit\wirefram\wirefram,161,1,5
unit\wirefram\wirefram,162,0,11
unit\wirefram\wirefram,163,0,0
unit\wirefram\wirefram,164,0,0
unit\wirefram\wirefram,165,0,0
unit\wirefram\wirefram,166,0,0
unit\wirefram\wirefram,167,0,0
unit\wirefram\wirefram,168,0,0
unit\wirefram\wirefram,169,0,7
unit\wirefram\wirefram,170,0,4
unit\wirefram\wirefram,171,0,2
unit\wirefram\wirefram,172,0,10
unit\wirefram\wirefram,173,0,0
unit\wirefram\wirefram,174,0,6
unit\wirefram\wirefram,175,5,0
unit\wirefram\wirefram,176,0,7
unit\wirefram\wirefram,177,0,7
unit\wirefram\wirefram,178,0,7
unit\wirefram\wirefram,179,20,26
unit\wirefram\wirefram,180,20,26
unit\wirefram\wirefram,181,13,29
unit\wirefram\wirefram,182,1,5
unit\wirefram\wirefram,183,8,31
unit\wirefram\wirefram,184,1,5
unit\wirefram\wirefram,185,8,31
unit\wirefram\wirefram,186,2,5
unit\wirefram\wirefram,187,0,0
unit\wirefram\wirefram,188,0,12
unit\wirefram\wirefram,189,5,0
unit\wirefram\wirefram,190,0,0
unit\wirefram\wirefram,191,1,5
unit\wirefram\wirefram,192,1,5
unit\wirefram\wirefram,193,1,5
unit\wirefram\wirefram,194,0,15
unit\wirefram\wirefram,195,0,8
unit\wirefram\wirefram,196,1,7
unit\wirefram\wirefram,197,0,15
unit\wirefram\wirefram,198,0,8
unit\wirefram\wirefram,199,1,7
unit\wirefram\wirefram,200,0,6
unit\wirefram\wirefram,201,1,16
unit\wirefram\wirefram,202,1,5
unit\wirefram\wirefram,203,0,11
unit\wirefram\wirefram,204,1,5
unit\wirefram\wirefram,205,1,5
unit\wirefram\wirefram,206,1,5
unit\wirefram\wirefram,207,1,5
unit\wirefram\wirefram,208,1,5
unit\wirefram\wirefram,209,11,9
unit\wirefram\wirefram,210,14,13
unit\wirefram\wirefram,211,18,10
unit\wirefram\wirefram,212,14,13
unit\wirefram\wirefram,213,18,10
unit\wirefram\wirefram,214,1,5
unit\wirefram\wirefram,215,8,2
unit\wirefram\wirefram,216,16,4
unit\wirefram\wirefram,217,10,7
unit\wirefram\wirefram,218,4,17
unit\wirefram\wirefram,219,13,7
unit\wirefram\wirefram,220,0,0
unit\wirefram\wirefram,221,0,0
unit\wirefram\wirefram,222,7,6
unit\wirefram\wirefram,223,7,6
unit\wirefram\wirefram,224,7,5
unit\wirefram\wirefram,225,7,5
unit\wirefram\wirefram,226,6,3
unit\wirefram\wirefram,227,6,3
unit\wirefram\wirefram\000,0,13,0
unit\wirefram\wirefram\000,1,13,0
unit\wirefram\wirefram\000,2,13,0
unit\wirefram\wirefram\000,3,13,0
unit\wirefram\wirefram\000,4,13,0
unit\wirefram\wirefram\007,0,5,0
unit\wirefram\wirefram\007,1,5,0
unit\wirefram\wirefram\007,2,5,0
unit\wirefram\wirefram\007,3,5,0
unit\wirefram\wirefram\007,4,5,0
unit\wirefram\wirefram\106,0,0,3
unit\wirefram\wirefram\106,1,0,3
unit\wirefram\wirefram\106,2,0,3
unit\wirefram\wirefram\106,3,0,3
unit\wirefram\wirefram\106,4,0,3
