SheetName,Atlas,SubAtlasId,SubAtlasOffset,Frames,UnitColorOffset,Width,Height
cursor\arrow,gui,0,0,5,0,128,128
cursor\drag,gui,0,5,4,0,128,128
cursor\illegal,gui,0,9,5,0,128,128
cursor\magg,gui,1,0,14,0,128,128
cursor\magr,gui,2,0,14,0,128,128
cursor\magy,gui,3,0,14,0,128,128
cursor\scrolld,gui,4,0,2,0,128,128
cursor\scrolldl,gui,4,2,2,0,128,128
cursor\scrolldr,gui,4,4,2,0,128,128
cursor\scrolll,gui,4,6,2,0,128,128
cursor\scrollr,gui,4,8,2,0,128,128
cursor\scrollu,gui,4,10,2,0,128,128
cursor\scrollul,gui,5,0,2,0,128,128
cursor\scrollur,gui,5,2,2,0,128,128
cursor\targg,gui,5,4,2,0,128,128
cursor\targn,gui,5,6,1,0,128,128
cursor\targr,gui,5,7,2,0,128,128
cursor\targy,gui,5,9,2,0,128,128
cursor\time,gui,5,11,1,0,128,128
game\blink,gui,6,0,20,0,128,128
unit\cmdbtns\cmdicons,gui,7,0,386,0,36,34
unit\cmdbtns\pcmdbtns,gui,8,0,37,0,72,72
unit\cmdbtns\tcmdbtns,gui,9,0,37,0,72,72
unit\cmdbtns\zcmdbtns,gui,10,0,37,0,72,72
unit\wirefram\grpwire,wirefram,1,0,131,0,32,32
unit\wirefram\grpwire\000,wirefram,2,0,5,0,32,32
unit\wirefram\grpwire\001,wirefram,2,5,5,0,32,32
unit\wirefram\grpwire\002,wirefram,3,0,5,0,32,32
unit\wirefram\grpwire\003,wirefram,3,5,5,0,32,32
unit\wirefram\grpwire\004,wirefram,3,10,2,0,32,32
unit\wirefram\grpwire\005,wirefram,4,0,5,0,32,32
unit\wirefram\grpwire\006,wirefram,4,5,2,0,32,32
unit\wirefram\grpwire\007,wirefram,4,7,5,0,32,32
unit\wirefram\grpwire\008,wirefram,5,0,5,0,32,32
unit\wirefram\grpwire\009,wirefram,5,5,5,0,32,32
unit\wirefram\grpwire\010,wirefram,6,0,5,0,32,32
unit\wirefram\grpwire\011,wirefram,6,5,5,0,32,32
unit\wirefram\grpwire\012,wirefram,7,0,5,0,32,32
unit\wirefram\grpwire\013,wirefram,7,5,5,0,32,32
unit\wirefram\grpwire\014,wirefram,7,10,2,0,32,32
unit\wirefram\grpwire\015,wirefram,8,0,5,0,32,32
unit\wirefram\grpwire\016,wirefram,8,5,5,0,32,32
unit\wirefram\grpwire\017,wirefram,9,0,5,0,32,32
unit\wirefram\grpwire\018,wirefram,9,5,2,0,32,32
unit\wirefram\grpwire\019,wirefram,9,7,5,0,32,32
unit\wirefram\grpwire\020,wirefram,10,0,5,0,32,32
unit\wirefram\grpwire\021,wirefram,10,5,5,0,32,32
unit\wirefram\grpwire\022,wirefram,11,0,5,0,32,32
unit\wirefram\grpwire\023,wirefram,11,5,5,0,32,32
unit\wirefram\grpwire\024,wirefram,11,10,2,0,32,32
unit\wirefram\grpwire\025,wirefram,12,0,5,0,32,32
unit\wirefram\grpwire\026,wirefram,12,5,2,0,32,32
unit\wirefram\grpwire\027,wirefram,12,7,2,0,32,32
unit\wirefram\grpwire\028,wirefram,12,9,5,0,32,32
unit\wirefram\grpwire\029,wirefram,13,0,5,0,32,32
unit\wirefram\grpwire\030,wirefram,13,5,5,0,32,32
unit\wirefram\grpwire\031,wirefram,13,10,2,0,32,32
unit\wirefram\grpwire\032,wirefram,14,0,5,0,32,32
unit\wirefram\grpwire\033,wirefram,14,5,5,0,32,32
unit\wirefram\grpwire\034,wirefram,15,0,5,0,32,32
unit\wirefram\grpwire\035,wirefram,15,5,5,0,32,32
unit\wirefram\grpwire\036,wirefram,16,0,5,0,32,32
unit\wirefram\grpwire\037,wirefram,16,5,5,0,32,32
unit\wirefram\grpwire\038,wirefram,17,0,5,0,32,32
unit\wirefram\grpwire\039,wirefram,17,5,5,0,32,32
unit\wirefram\grpwire\040,wirefram,18,0,5,0,32,32
unit\wirefram\grpwire\041,wirefram,18,5,5,0,32,32
unit\wirefram\grpwire\042,wirefram,19,0,5,0,32,32
unit\wirefram\grpwire\043,wirefram,19,5,5,0,32,32
unit\wirefram\grpwire\044,wirefram,20,0,5,0,32,32
unit\wirefram\grpwire\045,wirefram,20,5,5,0,32,32
unit\wirefram\grpwire\046,wirefram,21,0,5,0,32,32
unit\wirefram\grpwire\047,wirefram,21,5,5,0,32,32
unit\wirefram\grpwire\048,wirefram,22,0,5,0,32,32
unit\wirefram\grpwire\049,wirefram,22,5,5,0,32,32
unit\wirefram\grpwire\050,wirefram,23,0,5,0,32,32
unit\wirefram\grpwire\051,wirefram,23,5,5,0,32,32
unit\wirefram\grpwire\052,wirefram,24,0,5,0,32,32
unit\wirefram\grpwire\053,wirefram,24,5,5,0,32,32
unit\wirefram\grpwire\054,wirefram,25,0,5,0,32,32
unit\wirefram\grpwire\055,wirefram,25,5,5,0,32,32
unit\wirefram\grpwire\056,wirefram,26,0,5,0,32,32
unit\wirefram\grpwire\057,wirefram,26,5,5,0,32,32
unit\wirefram\grpwire\058,wirefram,27,0,5,0,32,32
unit\wirefram\grpwire\059,wirefram,27,5,5,0,32,32
unit\wirefram\grpwire\060,wirefram,28,0,5,0,32,32
unit\wirefram\grpwire\061,wirefram,28,5,5,0,32,32
unit\wirefram\grpwire\062,wirefram,29,0,5,0,32,32
unit\wirefram\grpwire\063,wirefram,29,5,5,0,32,32
unit\wirefram\grpwire\064,wirefram,30,0,5,0,32,32
unit\wirefram\grpwire\065,wirefram,30,5,5,0,32,32
unit\wirefram\grpwire\066,wirefram,31,0,5,0,32,32
unit\wirefram\grpwire\067,wirefram,31,5,5,0,32,32
unit\wirefram\grpwire\068,wirefram,32,0,5,0,32,32
unit\wirefram\grpwire\069,wirefram,32,5,5,0,32,32
unit\wirefram\grpwire\070,wirefram,33,0,5,0,32,32
unit\wirefram\grpwire\071,wirefram,33,5,5,0,32,32
unit\wirefram\grpwire\072,wirefram,34,0,5,0,32,32
unit\wirefram\grpwire\073,wirefram,34,5,5,0,32,32
unit\wirefram\grpwire\074,wirefram,35,0,5,0,32,32
unit\wirefram\grpwire\075,wirefram,35,5,5,0,32,32
unit\wirefram\grpwire\076,wirefram,36,0,5,0,32,32
unit\wirefram\grpwire\077,wirefram,36,5,5,0,32,32
unit\wirefram\grpwire\078,wirefram,37,0,5,0,32,32
unit\wirefram\grpwire\079,wirefram,37,5,5,0,32,32
unit\wirefram\grpwire\080,wirefram,38,0,5,0,32,32
unit\wirefram\grpwire\081,wirefram,38,5,5,0,32,32
unit\wirefram\grpwire\082,wirefram,39,0,5,0,32,32
unit\wirefram\grpwire\083,wirefram,39,5,5,0,32,32
unit\wirefram\grpwire\084,wirefram,40,0,5,0,32,32
unit\wirefram\grpwire\085,wirefram,40,5,2,0,32,32
unit\wirefram\grpwire\086,wirefram,40,7,5,0,32,32
unit\wirefram\grpwire\087,wirefram,40,12,2,0,32,32
unit\wirefram\grpwire\088,wirefram,41,0,5,0,32,32
unit\wirefram\grpwire\089,wirefram,41,5,5,0,32,32
unit\wirefram\grpwire\090,wirefram,42,0,5,0,32,32
unit\wirefram\grpwire\091,wirefram,42,5,5,0,32,32
unit\wirefram\grpwire\092,wirefram,43,0,5,0,32,32
unit\wirefram\grpwire\093,wirefram,43,5,5,0,32,32
unit\wirefram\grpwire\094,wirefram,44,0,5,0,32,32
unit\wirefram\grpwire\095,wirefram,44,5,5,0,32,32
unit\wirefram\grpwire\096,wirefram,45,0,5,0,32,32
unit\wirefram\grpwire\097,wirefram,45,5,5,0,32,32
unit\wirefram\grpwire\098,wirefram,45,10,5,0,32,32
unit\wirefram\grpwire\099,wirefram,46,0,5,0,32,32
unit\wirefram\grpwire\100,wirefram,46,5,5,0,32,32
unit\wirefram\grpwire\101,wirefram,47,0,5,0,32,32
unit\wirefram\grpwire\102,wirefram,47,5,5,0,32,32
unit\wirefram\grpwire\103,wirefram,48,0,5,0,32,32
unit\wirefram\grpwire\104,wirefram,48,5,5,0,32,32
unit\wirefram\grpwire\105,wirefram,48,10,2,0,32,32
unit\wirefram\grpwire\106,wirefram,49,0,5,0,32,32
unit\wirefram\grpwire\107,wirefram,49,5,2,0,32,32
unit\wirefram\grpwire\108,wirefram,49,7,2,0,32,32
unit\wirefram\grpwire\109,wirefram,49,9,2,0,32,32
unit\wirefram\grpwire\110,wirefram,49,11,2,0,32,32
unit\wirefram\grpwire\111,wirefram,50,0,5,0,32,32
unit\wirefram\grpwire\112,wirefram,50,5,2,0,32,32
unit\wirefram\grpwire\113,wirefram,50,7,5,0,32,32
unit\wirefram\grpwire\114,wirefram,51,0,5,0,32,32
unit\wirefram\grpwire\115,wirefram,51,5,2,0,32,32
unit\wirefram\grpwire\116,wirefram,51,7,5,0,32,32
unit\wirefram\grpwire\117,wirefram,51,12,2,0,32,32
unit\wirefram\grpwire\118,wirefram,52,0,2,0,32,32
unit\wirefram\grpwire\119,wirefram,52,2,2,0,32,32
unit\wirefram\grpwire\120,wirefram,52,4,2,0,32,32
unit\wirefram\grpwire\121,wirefram,52,6,2,0,32,32
unit\wirefram\grpwire\122,wirefram,52,8,5,0,32,32
unit\wirefram\grpwire\123,wirefram,52,13,2,0,32,32
unit\wirefram\grpwire\124,wirefram,52,15,2,0,32,32
unit\wirefram\grpwire\125,wirefram,52,17,2,0,32,32
unit\wirefram\grpwire\126,wirefram,52,19,2,0,32,32
unit\wirefram\grpwire\127,wirefram,52,21,2,0,32,32
unit\wirefram\grpwire\128,wirefram,52,23,2,0,32,32
unit\wirefram\grpwire\129,wirefram,52,25,2,0,32,32
unit\wirefram\grpwire\130,wirefram,52,27,2,0,32,32
unit\wirefram\tranwire,wirefram,53,0,106,0,64,64
unit\wirefram\tranwire\000,wirefram,54,0,5,0,64,64
unit\wirefram\tranwire\001,wirefram,54,5,5,0,64,64
unit\wirefram\tranwire\002,wirefram,55,0,5,0,64,64
unit\wirefram\tranwire\003,wirefram,56,0,5,0,64,64
unit\wirefram\tranwire\004,wirefram,56,5,2,0,64,64
unit\wirefram\tranwire\005,wirefram,57,0,5,0,64,64
unit\wirefram\tranwire\006,wirefram,58,0,2,0,64,64
unit\wirefram\tranwire\007,wirefram,58,2,5,0,64,64
unit\wirefram\tranwire\008,wirefram,58,7,2,0,64,64
unit\wirefram\tranwire\009,wirefram,58,9,2,0,64,64
unit\wirefram\tranwire\010,wirefram,58,11,5,0,64,64
unit\wirefram\tranwire\011,wirefram,58,16,2,0,64,64
unit\wirefram\tranwire\012,wirefram,59,0,2,0,64,64
unit\wirefram\tranwire\013,wirefram,59,2,5,0,64,64
unit\wirefram\tranwire\014,wirefram,59,7,2,0,64,64
unit\wirefram\tranwire\015,wirefram,59,9,5,0,64,64
unit\wirefram\tranwire\016,wirefram,60,0,5,0,64,64
unit\wirefram\tranwire\017,wirefram,61,0,5,0,64,64
unit\wirefram\tranwire\018,wirefram,61,5,2,0,64,64
unit\wirefram\tranwire\019,wirefram,62,0,5,0,64,64
unit\wirefram\tranwire\020,wirefram,63,0,5,0,64,64
unit\wirefram\tranwire\021,wirefram,64,0,5,0,64,64
unit\wirefram\tranwire\022,wirefram,64,5,2,0,64,64
unit\wirefram\tranwire\023,wirefram,65,0,5,0,64,64
unit\wirefram\tranwire\024,wirefram,66,0,2,0,64,64
unit\wirefram\tranwire\025,wirefram,66,2,2,0,64,64
unit\wirefram\tranwire\026,wirefram,66,4,2,0,64,64
unit\wirefram\tranwire\027,wirefram,66,6,2,0,64,64
unit\wirefram\tranwire\028,wirefram,66,8,2,0,64,64
unit\wirefram\tranwire\029,wirefram,66,10,2,0,64,64
unit\wirefram\tranwire\030,wirefram,67,0,5,0,64,64
unit\wirefram\tranwire\031,wirefram,68,0,2,0,64,64
unit\wirefram\tranwire\032,wirefram,68,2,5,0,64,64
unit\wirefram\tranwire\033,wirefram,68,7,5,0,64,64
unit\wirefram\tranwire\034,wirefram,69,0,5,0,64,64
unit\wirefram\tranwire\035,wirefram,69,5,5,0,64,64
unit\wirefram\tranwire\036,wirefram,69,10,2,0,64,64
unit\wirefram\tranwire\037,wirefram,69,12,5,0,64,64
unit\wirefram\tranwire\038,wirefram,70,0,5,0,64,64
unit\wirefram\tranwire\039,wirefram,71,0,5,0,64,64
unit\wirefram\tranwire\040,wirefram,72,0,5,0,64,64
unit\wirefram\tranwire\041,wirefram,72,5,5,0,64,64
unit\wirefram\tranwire\042,wirefram,72,10,2,0,64,64
unit\wirefram\tranwire\043,wirefram,72,12,2,0,64,64
unit\wirefram\tranwire\044,wirefram,72,14,2,0,64,64
unit\wirefram\tranwire\045,wirefram,73,0,2,0,64,64
unit\wirefram\tranwire\046,wirefram,73,2,5,0,64,64
unit\wirefram\tranwire\047,wirefram,73,7,2,0,64,64
unit\wirefram\tranwire\048,wirefram,74,0,5,0,64,64
unit\wirefram\tranwire\049,wirefram,75,0,5,0,64,64
unit\wirefram\tranwire\050,wirefram,76,0,5,0,64,64
unit\wirefram\tranwire\051,wirefram,76,5,5,0,64,64
unit\wirefram\tranwire\052,wirefram,77,0,5,0,64,64
unit\wirefram\tranwire\053,wirefram,78,0,5,0,64,64
unit\wirefram\tranwire\054,wirefram,79,0,5,0,64,64
unit\wirefram\tranwire\055,wirefram,79,5,2,0,64,64
unit\wirefram\tranwire\056,wirefram,79,7,2,0,64,64
unit\wirefram\tranwire\057,wirefram,79,9,2,0,64,64
unit\wirefram\tranwire\058,wirefram,80,0,5,0,64,64
unit\wirefram\tranwire\059,wirefram,81,0,2,0,64,64
unit\wirefram\tranwire\060,wirefram,81,2,2,0,64,64
unit\wirefram\tranwire\061,wirefram,82,0,5,0,64,64
unit\wirefram\tranwire\062,wirefram,83,0,5,0,64,64
unit\wirefram\tranwire\063,wirefram,84,0,5,0,64,64
unit\wirefram\tranwire\064,wirefram,85,0,5,0,64,64
unit\wirefram\tranwire\065,wirefram,86,0,5,0,64,64
unit\wirefram\tranwire\066,wirefram,87,0,5,0,64,64
unit\wirefram\tranwire\067,wirefram,88,0,5,0,64,64
unit\wirefram\tranwire\068,wirefram,89,0,5,0,64,64
unit\wirefram\tranwire\069,wirefram,90,0,2,0,64,64
unit\wirefram\tranwire\070,wirefram,90,2,2,0,64,64
unit\wirefram\tranwire\071,wirefram,90,4,2,0,64,64
unit\wirefram\tranwire\072,wirefram,90,6,2,0,64,64
unit\wirefram\tranwire\073,wirefram,90,8,2,0,64,64
unit\wirefram\tranwire\074,wirefram,91,0,5,0,64,64
unit\wirefram\tranwire\075,wirefram,92,0,5,0,64,64
unit\wirefram\tranwire\076,wirefram,93,0,5,0,64,64
unit\wirefram\tranwire\077,wirefram,94,0,5,0,64,64
unit\wirefram\tranwire\078,wirefram,95,0,5,0,64,64
unit\wirefram\tranwire\079,wirefram,96,0,5,0,64,64
unit\wirefram\tranwire\080,wirefram,97,0,5,0,64,64
unit\wirefram\tranwire\081,wirefram,98,0,5,0,64,64
unit\wirefram\tranwire\082,wirefram,99,0,2,0,64,64
unit\wirefram\tranwire\083,wirefram,100,0,5,0,64,64
unit\wirefram\tranwire\084,wirefram,101,0,2,0,64,64
unit\wirefram\tranwire\085,wirefram,101,2,2,0,64,64
unit\wirefram\tranwire\086,wirefram,101,4,2,0,64,64
unit\wirefram\tranwire\087,wirefram,101,6,2,0,64,64
unit\wirefram\tranwire\088,wirefram,101,8,5,0,64,64
unit\wirefram\tranwire\089,wirefram,101,13,5,0,64,64
unit\wirefram\tranwire\090,wirefram,102,0,5,0,64,64
unit\wirefram\tranwire\091,wirefram,103,0,5,0,64,64
unit\wirefram\tranwire\092,wirefram,104,0,5,0,64,64
unit\wirefram\tranwire\093,wirefram,105,0,5,0,64,64
unit\wirefram\tranwire\094,wirefram,105,5,2,0,64,64
unit\wirefram\tranwire\095,wirefram,105,7,5,0,64,64
unit\wirefram\tranwire\096,wirefram,106,0,5,0,64,64
unit\wirefram\tranwire\097,wirefram,106,5,2,0,64,64
unit\wirefram\tranwire\098,wirefram,106,7,2,0,64,64
unit\wirefram\tranwire\099,wirefram,106,9,5,0,64,64
unit\wirefram\tranwire\100,wirefram,107,0,5,0,64,64
unit\wirefram\tranwire\101,wirefram,108,0,5,0,64,64
unit\wirefram\tranwire\102,wirefram,109,0,2,0,64,64
unit\wirefram\tranwire\103,wirefram,110,0,5,0,64,64
unit\wirefram\tranwire\104,wirefram,111,0,2,0,64,64
unit\wirefram\tranwire\105,wirefram,111,2,2,0,64,64
unit\wirefram\wirefram,wirefram,112,0,228,0,64,64
unit\wirefram\wirefram\000,wirefram,113,0,5,0,64,64
unit\wirefram\wirefram\001,wirefram,114,0,5,0,64,64
unit\wirefram\wirefram\002,wirefram,115,0,5,0,64,64
unit\wirefram\wirefram\003,wirefram,116,0,5,0,64,64
unit\wirefram\wirefram\004,wirefram,117,0,2,0,64,64
unit\wirefram\wirefram\005,wirefram,118,0,5,0,64,64
unit\wirefram\wirefram\006,wirefram,119,0,2,0,64,64
unit\wirefram\wirefram\007,wirefram,120,0,5,0,64,64
unit\wirefram\wirefram\008,wirefram,121,0,5,0,64,64
unit\wirefram\wirefram\009,wirefram,122,0,5,0,64,64
unit\wirefram\wirefram\010,wirefram,123,0,5,0,64,64
unit\wirefram\wirefram\011,wirefram,124,0,5,0,64,64
unit\wirefram\wirefram\012,wirefram,125,0,5,0,64,64
unit\wirefram\wirefram\013,wirefram,126,0,5,0,64,64
unit\wirefram\wirefram\014,wirefram,127,0,2,0,64,64
unit\wirefram\wirefram\015,wirefram,128,0,5,0,64,64
unit\wirefram\wirefram\016,wirefram,129,0,5,0,64,64
unit\wirefram\wirefram\017,wirefram,130,0,5,0,64,64
unit\wirefram\wirefram\018,wirefram,131,0,2,0,64,64
unit\wirefram\wirefram\019,wirefram,132,0,5,0,64,64
unit\wirefram\wirefram\020,wirefram,133,0,5,0,64,64
unit\wirefram\wirefram\021,wirefram,134,0,5,0,64,64
unit\wirefram\wirefram\022,wirefram,135,0,5,0,64,64
unit\wirefram\wirefram\023,wirefram,136,0,5,0,64,64
unit\wirefram\wirefram\024,wirefram,137,0,2,0,64,64
unit\wirefram\wirefram\025,wirefram,138,0,5,0,64,64
unit\wirefram\wirefram\026,wirefram,139,0,2,0,64,64
unit\wirefram\wirefram\027,wirefram,139,2,2,0,64,64
unit\wirefram\wirefram\028,wirefram,140,0,5,0,64,64
unit\wirefram\wirefram\029,wirefram,141,0,5,0,64,64
unit\wirefram\wirefram\030,wirefram,142,0,5,0,64,64
unit\wirefram\wirefram\031,wirefram,143,0,2,0,64,64
unit\wirefram\wirefram\032,wirefram,144,0,5,0,64,64
unit\wirefram\wirefram\033,wirefram,145,0,5,0,64,64
unit\wirefram\wirefram\034,wirefram,146,0,5,0,64,64
unit\wirefram\wirefram\035,wirefram,147,0,5,0,64,64
unit\wirefram\wirefram\036,wirefram,148,0,5,0,64,64
unit\wirefram\wirefram\037,wirefram,149,0,5,0,64,64
unit\wirefram\wirefram\038,wirefram,150,0,5,0,64,64
unit\wirefram\wirefram\039,wirefram,151,0,5,0,64,64
unit\wirefram\wirefram\040,wirefram,152,0,5,0,64,64
unit\wirefram\wirefram\041,wirefram,153,0,5,0,64,64
unit\wirefram\wirefram\042,wirefram,154,0,5,0,64,64
unit\wirefram\wirefram\043,wirefram,155,0,5,0,64,64
unit\wirefram\wirefram\044,wirefram,156,0,5,0,64,64
unit\wirefram\wirefram\045,wirefram,157,0,5,0,64,64
unit\wirefram\wirefram\046,wirefram,158,0,5,0,64,64
unit\wirefram\wirefram\047,wirefram,159,0,5,0,64,64
unit\wirefram\wirefram\048,wirefram,160,0,5,0,64,64
unit\wirefram\wirefram\049,wirefram,161,0,5,0,64,64
unit\wirefram\wirefram\050,wirefram,162,0,5,0,64,64
unit\wirefram\wirefram\051,wirefram,163,0,5,0,64,64
unit\wirefram\wirefram\052,wirefram,164,0,5,0,64,64
unit\wirefram\wirefram\053,wirefram,165,0,5,0,64,64
unit\wirefram\wirefram\054,wirefram,166,0,5,0,64,64
unit\wirefram\wirefram\055,wirefram,167,0,5,0,64,64
unit\wirefram\wirefram\056,wirefram,168,0,5,0,64,64
unit\wirefram\wirefram\057,wirefram,169,0,5,0,64,64
unit\wirefram\wirefram\058,wirefram,170,0,5,0,64,64
unit\wirefram\wirefram\059,wirefram,171,0,5,0,64,64
unit\wirefram\wirefram\060,wirefram,172,0,5,0,64,64
unit\wirefram\wirefram\061,wirefram,173,0,5,0,64,64
unit\wirefram\wirefram\062,wirefram,174,0,5,0,64,64
unit\wirefram\wirefram\063,wirefram,175,0,5,0,64,64
unit\wirefram\wirefram\064,wirefram,176,0,5,0,64,64
unit\wirefram\wirefram\065,wirefram,177,0,5,0,64,64
unit\wirefram\wirefram\066,wirefram,178,0,5,0,64,64
unit\wirefram\wirefram\067,wirefram,179,0,5,0,64,64
unit\wirefram\wirefram\068,wirefram,180,0,5,0,64,64
unit\wirefram\wirefram\069,wirefram,181,0,5,0,64,64
unit\wirefram\wirefram\070,wirefram,182,0,5,0,64,64
unit\wirefram\wirefram\071,wirefram,183,0,5,0,64,64
unit\wirefram\wirefram\072,wirefram,184,0,5,0,64,64
unit\wirefram\wirefram\073,wirefram,185,0,5,0,64,64
unit\wirefram\wirefram\074,wirefram,186,0,5,0,64,64
unit\wirefram\wirefram\075,wirefram,187,0,5,0,64,64
unit\wirefram\wirefram\076,wirefram,188,0,5,0,64,64
unit\wirefram\wirefram\077,wirefram,189,0,5,0,64,64
unit\wirefram\wirefram\078,wirefram,190,0,5,0,64,64
unit\wirefram\wirefram\079,wirefram,191,0,5,0,64,64
unit\wirefram\wirefram\080,wirefram,192,0,5,0,64,64
unit\wirefram\wirefram\081,wirefram,193,0,5,0,64,64
unit\wirefram\wirefram\082,wirefram,194,0,5,0,64,64
unit\wirefram\wirefram\083,wirefram,195,0,5,0,64,64
unit\wirefram\wirefram\084,wirefram,196,0,5,0,64,64
unit\wirefram\wirefram\085,wirefram,197,0,2,0,64,64
unit\wirefram\wirefram\086,wirefram,198,0,5,0,64,64
unit\wirefram\wirefram\087,wirefram,199,0,2,0,64,64
unit\wirefram\wirefram\088,wirefram,200,0,5,0,64,64
unit\wirefram\wirefram\089,wirefram,201,0,5,0,64,64
unit\wirefram\wirefram\090,wirefram,202,0,5,0,64,64
unit\wirefram\wirefram\091,wirefram,203,0,5,0,64,64
unit\wirefram\wirefram\092,wirefram,204,0,5,0,64,64
unit\wirefram\wirefram\093,wirefram,205,0,5,0,64,64
unit\wirefram\wirefram\094,wirefram,206,0,5,0,64,64
unit\wirefram\wirefram\095,wirefram,207,0,5,0,64,64
unit\wirefram\wirefram\096,wirefram,208,0,5,0,64,64
unit\wirefram\wirefram\097,wirefram,209,0,5,0,64,64
unit\wirefram\wirefram\098,wirefram,210,0,5,0,64,64
unit\wirefram\wirefram\099,wirefram,211,0,5,0,64,64
unit\wirefram\wirefram\100,wirefram,212,0,5,0,64,64
unit\wirefram\wirefram\101,wirefram,213,0,2,0,64,64
unit\wirefram\wirefram\102,wirefram,214,0,5,0,64,64
unit\wirefram\wirefram\103,wirefram,215,0,5,0,64,64
unit\wirefram\wirefram\104,wirefram,216,0,5,0,64,64
unit\wirefram\wirefram\105,wirefram,217,0,2,0,64,64
unit\wirefram\wirefram\106,wirefram,218,0,5,0,64,64
unit\wirefram\wirefram\107,wirefram,219,0,6,0,64,64
unit\wirefram\wirefram\108,wirefram,220,0,5,0,64,64
unit\wirefram\wirefram\109,wirefram,221,0,5,0,64,64
unit\wirefram\wirefram\110,wirefram,222,0,5,0,64,64
unit\wirefram\wirefram\111,wirefram,223,0,5,0,64,64
unit\wirefram\wirefram\112,wirefram,224,0,5,0,64,64
unit\wirefram\wirefram\113,wirefram,225,0,5,0,64,64
unit\wirefram\wirefram\114,wirefram,226,0,5,0,64,64
unit\wirefram\wirefram\115,wirefram,227,0,5,0,64,64
unit\wirefram\wirefram\116,wirefram,228,0,5,0,64,64
unit\wirefram\wirefram\117,wirefram,229,0,5,0,64,64
unit\wirefram\wirefram\118,wirefram,230,0,5,0,64,64
unit\wirefram\wirefram\119,wirefram,231,0,2,0,64,64
unit\wirefram\wirefram\120,wirefram,232,0,5,0,64,64
unit\wirefram\wirefram\121,wirefram,233,0,5,0,64,64
unit\wirefram\wirefram\122,wirefram,234,0,5,0,64,64
unit\wirefram\wirefram\123,wirefram,235,0,5,0,64,64
unit\wirefram\wirefram\124,wirefram,236,0,5,0,64,64
unit\wirefram\wirefram\125,wirefram,237,0,5,0,64,64
unit\wirefram\wirefram\126,wirefram,238,0,5,0,64,64
unit\wirefram\wirefram\127,wirefram,239,0,4,0,64,64
unit\wirefram\wirefram\128,wirefram,240,0,2,0,64,64
unit\wirefram\wirefram\129,wirefram,240,2,2,0,64,64
unit\wirefram\wirefram\130,wirefram,241,0,5,0,64,64
unit\wirefram\wirefram\131,wirefram,242,0,5,0,64,64
unit\wirefram\wirefram\132,wirefram,243,0,5,0,64,64
unit\wirefram\wirefram\133,wirefram,244,0,5,0,64,64
unit\wirefram\wirefram\134,wirefram,245,0,5,0,64,64
unit\wirefram\wirefram\135,wirefram,246,0,5,0,64,64
unit\wirefram\wirefram\136,wirefram,247,0,5,0,64,64
unit\wirefram\wirefram\137,wirefram,248,0,5,0,64,64
unit\wirefram\wirefram\138,wirefram,249,0,5,0,64,64
unit\wirefram\wirefram\139,wirefram,250,0,5,0,64,64
unit\wirefram\wirefram\140,wirefram,251,0,5,0,64,64
unit\wirefram\wirefram\141,wirefram,252,0,5,0,64,64
unit\wirefram\wirefram\142,wirefram,253,0,5,0,64,64
unit\wirefram\wirefram\143,wirefram,254,0,5,0,64,64
unit\wirefram\wirefram\144,wirefram,255,0,5,0,64,64
unit\wirefram\wirefram\145,wirefram,256,0,2,0,64,64
unit\wirefram\wirefram\146,wirefram,257,0,5,0,64,64
unit\wirefram\wirefram\147,wirefram,258,0,5,0,64,64
unit\wirefram\wirefram\148,wirefram,259,0,5,0,64,64
unit\wirefram\wirefram\149,wirefram,260,0,5,0,64,64
unit\wirefram\wirefram\150,wirefram,261,0,5,0,64,64
unit\wirefram\wirefram\151,wirefram,262,0,5,0,64,64
unit\wirefram\wirefram\152,wirefram,263,0,5,0,64,64
unit\wirefram\wirefram\153,wirefram,264,0,2,0,64,64
unit\wirefram\wirefram\154,wirefram,265,0,5,0,64,64
unit\wirefram\wirefram\155,wirefram,266,0,5,0,64,64
unit\wirefram\wirefram\156,wirefram,267,0,5,0,64,64
unit\wirefram\wirefram\157,wirefram,268,0,5,0,64,64
unit\wirefram\wirefram\158,wirefram,269,0,2,0,64,64
unit\wirefram\wirefram\159,wirefram,270,0,5,0,64,64
unit\wirefram\wirefram\160,wirefram,271,0,5,0,64,64
unit\wirefram\wirefram\161,wirefram,272,0,2,0,64,64
unit\wirefram\wirefram\162,wirefram,273,0,5,0,64,64
unit\wirefram\wirefram\163,wirefram,274,0,5,0,64,64
unit\wirefram\wirefram\164,wirefram,275,0,5,0,64,64
unit\wirefram\wirefram\165,wirefram,276,0,5,0,64,64
unit\wirefram\wirefram\166,wirefram,277,0,5,0,64,64
unit\wirefram\wirefram\167,wirefram,278,0,5,0,64,64
unit\wirefram\wirefram\168,wirefram,279,0,5,0,64,64
unit\wirefram\wirefram\169,wirefram,280,0,5,0,64,64
unit\wirefram\wirefram\170,wirefram,281,0,5,0,64,64
unit\wirefram\wirefram\171,wirefram,282,0,5,0,64,64
unit\wirefram\wirefram\172,wirefram,283,0,5,0,64,64
unit\wirefram\wirefram\173,wirefram,284,0,5,0,64,64
unit\wirefram\wirefram\174,wirefram,285,0,5,0,64,64
unit\wirefram\wirefram\175,wirefram,286,0,5,0,64,64
unit\wirefram\wirefram\176,wirefram,287,0,5,0,64,64
unit\wirefram\wirefram\177,wirefram,288,0,5,0,64,64
unit\wirefram\wirefram\178,wirefram,289,0,5,0,64,64
unit\wirefram\wirefram\179,wirefram,290,0,2,0,64,64
unit\wirefram\wirefram\180,wirefram,290,2,2,0,64,64
unit\wirefram\wirefram\181,wirefram,290,4,2,0,64,64
unit\wirefram\wirefram\182,wirefram,290,6,2,0,64,64
unit\wirefram\wirefram\183,wirefram,290,8,2,0,64,64
unit\wirefram\wirefram\184,wirefram,290,10,2,0,64,64
unit\wirefram\wirefram\185,wirefram,290,12,2,0,64,64
unit\wirefram\wirefram\186,wirefram,291,0,5,0,64,64
unit\wirefram\wirefram\187,wirefram,292,0,5,0,64,64
unit\wirefram\wirefram\188,wirefram,293,0,5,0,64,64
unit\wirefram\wirefram\189,wirefram,294,0,5,0,64,64
unit\wirefram\wirefram\190,wirefram,295,0,5,0,64,64
unit\wirefram\wirefram\191,wirefram,296,0,2,0,64,64
unit\wirefram\wirefram\192,wirefram,296,2,2,0,64,64
unit\wirefram\wirefram\193,wirefram,296,4,2,0,64,64
unit\wirefram\wirefram\194,wirefram,297,0,5,0,64,64
unit\wirefram\wirefram\195,wirefram,298,0,2,0,64,64
unit\wirefram\wirefram\196,wirefram,299,0,2,0,64,64
unit\wirefram\wirefram\197,wirefram,300,0,5,0,64,64
unit\wirefram\wirefram\198,wirefram,301,0,2,0,64,64
unit\wirefram\wirefram\199,wirefram,302,0,2,0,64,64
unit\wirefram\wirefram\200,wirefram,303,0,5,0,64,64
unit\wirefram\wirefram\201,wirefram,304,0,5,0,64,64
unit\wirefram\wirefram\202,wirefram,305,0,2,0,64,64
unit\wirefram\wirefram\203,wirefram,306,0,5,0,64,64
unit\wirefram\wirefram\204,wirefram,307,0,2,0,64,64
unit\wirefram\wirefram\205,wirefram,307,2,2,0,64,64
unit\wirefram\wirefram\206,wirefram,307,4,2,0,64,64
unit\wirefram\wirefram\207,wirefram,307,6,2,0,64,64
unit\wirefram\wirefram\208,wirefram,307,8,2,0,64,64
unit\wirefram\wirefram\209,wirefram,308,0,5,0,64,64
unit\wirefram\wirefram\210,wirefram,309,0,5,0,64,64
unit\wirefram\wirefram\211,wirefram,310,0,5,0,64,64
unit\wirefram\wirefram\212,wirefram,311,0,5,0,64,64
unit\wirefram\wirefram\213,wirefram,312,0,5,0,64,64
unit\wirefram\wirefram\214,wirefram,312,5,2,0,64,64
unit\wirefram\wirefram\215,wirefram,313,0,2,0,64,64
unit\wirefram\wirefram\216,wirefram,314,0,5,0,64,64
unit\wirefram\wirefram\217,wirefram,315,0,5,0,64,64
unit\wirefram\wirefram\218,wirefram,316,0,2,0,64,64
unit\wirefram\wirefram\219,wirefram,316,2,2,0,64,64
unit\wirefram\wirefram\220,wirefram,317,0,5,0,64,64
unit\wirefram\wirefram\221,wirefram,318,0,5,0,64,64
unit\wirefram\wirefram\222,wirefram,319,0,2,0,64,64
unit\wirefram\wirefram\223,wirefram,320,0,2,0,64,64
unit\wirefram\wirefram\224,wirefram,321,0,5,0,64,64
unit\wirefram\wirefram\225,wirefram,322,0,5,0,64,64
unit\wirefram\wirefram\226,wirefram,323,0,6,0,64,64
unit\wirefram\wirefram\227,wirefram,324,0,6,0,64,64
unit\thingy\bblood01,thingy,1,0,12,0,64,96
unit\thingy\bblood02,thingy,2,0,12,0,64,96
unit\thingy\bblood03,thingy,2,12,12,0,64,96
unit\thingy\bblood04,thingy,3,0,12,0,64,96
unit\thingy\bdust,thingy,4,0,7,0,128,128
unit\thingy\blackx,thingy,4,7,5,0,44,28
unit\thingy\blood01,thingy,5,0,15,0,96,96
unit\thingy\blood02,thingy,6,0,15,0,96,96
unit\thingy\bsmoke,thingy,7,0,8,0,84,84
unit\thingy\consume,thingy,8,0,18,0,72,72
unit\thingy\dbl_exp,thingy,9,0,108,0,32,32
unit\thingy\disrupt,thingy,10,0,11,0,160,160
unit\thingy\dswarm,thingy,11,0,10,0,252,188
unit\thingy\dust01,thingy,12,0,10,0,48,48
unit\thingy\dust02,thingy,12,10,8,0,48,48
unit\thingy\dust03,thingy,13,0,10,0,48,48
unit\thingy\dust04,thingy,13,10,8,0,48,48
unit\thingy\dust05,thingy,14,0,8,0,48,48
unit\thingy\dust06,thingy,14,8,10,0,48,48
unit\thingy\dust07,thingy,14,18,10,0,48,48
unit\thingy\dust08,thingy,14,28,10,0,48,48
unit\thingy\dust09,thingy,15,0,10,0,48,48
unit\thingy\ebbcloud,thingy,16,0,14,0,128,128
unit\thingy\ebbhitl,thingy,17,0,4,0,56,56
unit\thingy\ebbhitm,thingy,18,0,4,0,32,32
unit\thingy\ebbhits,thingy,18,4,4,0,24,24
unit\thingy\ecahit,thingy,19,0,10,0,48,48
unit\thingy\edmbackl,thingy,20,0,5,0,108,108
unit\thingy\edmbackm,thingy,21,0,5,0,84,84
unit\thingy\edmbacks,thingy,22,0,5,0,72,72
unit\thingy\edmfronl,thingy,23,0,5,0,108,108
unit\thingy\edmfronm,thingy,24,0,5,0,84,84
unit\thingy\edmfrons,thingy,25,0,5,0,72,72
unit\thingy\edmhitl,thingy,26,0,4,0,108,108
unit\thingy\edmhitm,thingy,27,0,4,0,84,84
unit\thingy\edmhits,thingy,28,0,4,0,72,72
unit\thingy\efghit,thingy,29,0,9,0,56,56
unit\thingy\ehamed,thingy,30,0,13,0,96,96
unit\thingy\elbbat,thingy,31,0,85,0,120,120
unit\thingy\elbfire,thingy,32,0,17,0,128,128
unit\thingy\elbfireC,thingy,33,0,68,0,60,60
unit\thingy\elbfirew,thingy,34,0,17,0,64,64
unit\thingy\elbhit,thingy,35,0,10,0,40,40
unit\thingy\elbmuzz,thingy,35,10,5,0,112,112
unit\thingy\eldfire,thingy,36,0,17,0,64,64
unit\thingy\eldlarge,thingy,37,0,14,0,108,108
unit\thingy\eldmed,thingy,38,0,14,0,84,84
unit\thingy\eldsmall,thingy,39,0,14,0,72,72
unit\thingy\elect02,thingy,40,0,6,0,96,96
unit\thingy\elect02a,thingy,41,0,6,0,96,96
unit\thingy\emp,thingy,42,0,7,0,252,252
unit\thingy\empl,thingy,43,0,7,0,252,252
unit\thingy\emsbeam,thingy,44,0,68,0,192,192
unit\thingy\emshit,thingy,45,0,6,0,80,80
unit\thingy\ensgool,thingy,46,0,4,0,56,56
unit\thingy\ensgoom,thingy,47,0,4,0,32,32
unit\thingy\ensgoos,thingy,47,4,4,0,24,24
unit\thingy\ensnare,thingy,48,0,15,0,128,128
unit\thingy\ep2fire,thingy,49,0,17,0,80,80
unit\thingy\ep3burst,thingy,50,0,12,0,100,100
unit\thingy\ep3shot,thingy,51,0,2,0,20,20
unit\thingy\eplmuzz,thingy,52,0,102,0,128,128
unit\thingy\eradlrg,thingy,53,0,6,0,120,120
unit\thingy\esfhit,thingy,54,0,9,0,128,128
unit\thingy\esflarge,thingy,55,0,13,0,128,128
unit\thingy\esfsmall,thingy,56,0,13,0,80,80
unit\thingy\esifire,thingy,57,0,119,0,72,72
unit\thingy\etghit,thingy,58,0,13,0,44,44
unit\thingy\ettflash,thingy,59,0,17,0,128,128
unit\thingy\evecast,thingy,60,0,8,0,48,48
unit\thingy\explo2,thingy,60,8,10,0,24,28
unit\thingy\eycblast,thingy,61,0,11,0,160,160
unit\thingy\eychit,thingy,62,0,14,0,144,144
unit\thingy\flamer,thingy,63,0,221,0,224,224
unit\thingy\geysmok1,thingy,64,0,8,0,32,64
unit\thingy\geysmok2,thingy,64,8,8,0,32,64
unit\thingy\geysmok3,thingy,65,0,8,0,32,64
unit\thingy\geysmok4,thingy,65,8,8,0,32,64
unit\thingy\geysmok5,thingy,65,16,8,0,32,64
unit\thingy\geysmos1,thingy,65,24,5,0,32,64
unit\thingy\gresmoke,thingy,66,0,8,0,64,64
unit\thingy\gsmoke,thingy,66,8,7,0,84,84
unit\thingy\halmind,thingy,67,0,18,0,64,64
unit\thingy\hkexplod,thingy,68,0,14,0,40,40
unit\thingy\hktrail,thingy,69,0,8,0,84,84
unit\thingy\juice01,thingy,70,0,1,0,252,154
unit\thingy\juice02,thingy,71,0,1,0,252,154
unit\thingy\lowm\bblood01,thingy,72,0,12,0,64,96
unit\thingy\lowm\bblood02,thingy,73,0,12,0,64,96
unit\thingy\lowm\bblood03,thingy,73,12,12,0,64,96
unit\thingy\lowm\bblood04,thingy,74,0,12,0,64,96
unit\thingy\lowm\consume,thingy,75,0,18,0,72,72
unit\thingy\lowm\disrupt,thingy,76,0,18,0,72,72
unit\thingy\lowm\dswarm,thingy,77,0,10,0,252,188
unit\thingy\lowm\dust01,thingy,78,0,10,0,48,48
unit\thingy\lowm\dust02,thingy,78,10,8,0,48,48
unit\thingy\lowm\dust03,thingy,79,0,10,0,48,48
unit\thingy\lowm\dust04,thingy,79,10,8,0,48,48
unit\thingy\lowm\dust05,thingy,80,0,8,0,48,48
unit\thingy\lowm\dust06,thingy,80,8,10,0,48,48
unit\thingy\lowm\dust07,thingy,80,18,10,0,48,48
unit\thingy\lowm\dust08,thingy,80,28,10,0,48,48
unit\thingy\lowm\dust09,thingy,81,0,10,0,48,48
unit\thingy\lowm\ebbcloud,thingy,82,0,14,0,128,128
unit\thingy\lowm\ecahit,thingy,83,0,10,0,48,48
unit\thingy\lowm\efghit,thingy,84,0,9,0,56,56
unit\thingy\lowm\ehamed,thingy,85,0,13,0,96,96
unit\thingy\lowm\elbbat,thingy,86,0,255,0,120,120
unit\thingy\lowm\elbmuzz,thingy,87,0,5,0,112,112
unit\thingy\lowm\eldlarge,thingy,88,0,14,0,108,108
unit\thingy\lowm\eldmed,thingy,89,0,14,0,84,84
unit\thingy\lowm\eldsmall,thingy,90,0,14,0,72,72
unit\thingy\lowm\emsbeam,thingy,91,0,68,0,192,192
unit\thingy\lowm\emshit,thingy,92,0,6,0,80,80
unit\thingy\lowm\ensnare,thingy,93,0,15,0,128,128
unit\thingy\lowm\ep3burst,thingy,94,0,12,0,100,100
unit\thingy\lowm\eplmuzz,thingy,95,0,102,0,128,128
unit\thingy\lowm\esfhit,thingy,96,0,9,0,128,128
unit\thingy\lowm\esflarge,thingy,97,0,13,0,128,128
unit\thingy\lowm\esfsmall,thingy,98,0,13,0,80,80
unit\thingy\lowm\esifire,thingy,99,0,119,0,72,72
unit\thingy\lowm\etghit,thingy,100,0,13,0,44,44
unit\thingy\lowm\eycblast,thingy,101,0,11,0,160,160
unit\thingy\lowm\eychit,thingy,102,0,14,0,144,144
unit\thingy\lowm\hkexplod,thingy,103,0,14,0,40,40
unit\thingy\lowm\nukehit,thingy,104,0,26,0,252,252
unit\thingy\lowm\ofirec,thingy,105,0,24,0,64,96
unit\thingy\lowm\ofiref,thingy,106,0,24,0,64,96
unit\thingy\lowm\ofirev,thingy,107,0,24,0,64,96
unit\thingy\lowm\pabglow,thingy,108,0,68,0,76,76
unit\thingy\lowm\pscglow,thingy,109,0,34,0,72,72
unit\thingy\lowm\pshglow,thingy,110,0,34,0,60,60
unit\thingy\lowm\recall,thingy,111,0,11,0,100,100
unit\thingy\lowm\tbangl,thingy,112,0,10,0,200,200
unit\thingy\lowm\tbangs,thingy,113,0,9,0,128,128
unit\thingy\lowm\tbangx,thingy,114,0,14,0,252,200
unit\thingy\lowm\tdrglow,thingy,115,0,34,0,68,68
unit\thingy\lowm\tphglow,thingy,116,0,34,0,64,64
unit\thingy\lowm\zblddths,thingy,117,0,12,0,200,200
unit\thingy\MaelHit,thingy,118,0,9,0,128,128
unit\thingy\mushroom,thingy,119,0,14,0,100,108
unit\thingy\nukebeam,thingy,120,0,34,0,44,44
unit\thingy\nukehit,thingy,121,0,26,0,252,252
unit\thingy\nuketarg,thingy,122,0,2,0,8,8
unit\thingy\o022,thingy,122,2,1,0,32,32
unit\thingy\o032,thingy,122,3,1,0,40,40
unit\thingy\o048,thingy,122,4,1,0,64,64
unit\thingy\o062,thingy,122,5,1,0,64,64
unit\thingy\o072,thingy,122,6,1,0,80,80
unit\thingy\o094,thingy,123,0,1,0,96,96
unit\thingy\o110,thingy,124,0,1,0,128,128
unit\thingy\o122,thingy,125,0,1,0,128,128
unit\thingy\o146,thingy,126,0,1,0,148,148
unit\thingy\o224,thingy,127,0,1,0,224,224
unit\thingy\od022,thingy,128,0,1,0,36,36
unit\thingy\od032,thingy,128,1,1,0,48,48
unit\thingy\od048,thingy,128,2,1,0,72,72
unit\thingy\od062,thingy,128,3,1,0,72,72
unit\thingy\od072,thingy,129,0,1,0,92,92
unit\thingy\od094,thingy,130,0,1,0,108,108
unit\thingy\od110,thingy,131,0,1,0,144,144
unit\thingy\od122,thingy,132,0,1,0,144,144
unit\thingy\od146,thingy,133,0,1,0,168,168
unit\thingy\od224,thingy,134,0,1,0,252,252
unit\thingy\ofirec,thingy,135,0,24,0,64,96
unit\thingy\ofiref,thingy,136,0,24,0,64,96
unit\thingy\ofirev,thingy,137,0,24,0,64,96
unit\thingy\pabglow,thingy,138,0,68,0,76,76
unit\thingy\pcaglow,thingy,139,0,17,0,128,128
unit\thingy\pcsglow,thingy,140,0,34,0,60,60
unit\thingy\pcsSplsh,thingy,141,0,7,0,64,64
unit\thingy\PdaMndLg,thingy,142,0,22,0,128,128
unit\thingy\PdaMndMd,thingy,143,0,21,0,64,64
unit\thingy\PdaMndSm,thingy,144,0,21,0,64,64
unit\thingy\PdaMyoLg,thingy,145,0,20,0,128,128
unit\thingy\PdaMyoMd,thingy,146,0,20,0,64,64
unit\thingy\PdaMyoSm,thingy,147,0,20,0,32,32
unit\thingy\PdaParLg,thingy,148,0,25,0,128,128
unit\thingy\PdaParMd,thingy,149,0,25,0,64,64
unit\thingy\PdaParSm,thingy,150,0,25,0,32,32
unit\thingy\PdaPsyLg,thingy,151,0,22,0,128,128
unit\thingy\PdaPsyMd,thingy,152,0,22,0,64,64
unit\thingy\PdaPsySm,thingy,153,0,22,0,64,64
unit\thingy\pexplode,thingy,154,0,16,0,220,200
unit\thingy\phohit,thingy,155,0,10,0,64,64
unit\thingy\plasdrip,thingy,156,0,68,0,60,60
unit\thingy\plasma,thingy,157,0,136,0,256,256
unit\thingy\prubblel,thingy,158,0,4,0,128,128
unit\thingy\prubbles,thingy,159,0,4,0,96,96
unit\thingy\psaexplo,thingy,160,0,10,0,80,80
unit\thingy\pscglow,thingy,161,0,34,0,72,72
unit\thingy\pshglow,thingy,162,0,34,0,60,60
unit\thingy\pshield,thingy,163,0,68,0,64,64
unit\thingy\psistorm,thingy,164,0,14,0,224,224
unit\thingy\pteglow,thingy,165,0,68,0,128,128
unit\thingy\recall,thingy,166,0,11,0,100,100
unit\thingy\rubblel,thingy,167,0,4,0,128,128
unit\thingy\rubbles,thingy,168,0,4,0,96,96
unit\thingy\sbalarge,thingy,169,0,16,0,64,64
unit\thingy\sbasmall,thingy,170,0,5,0,64,64
unit\thingy\small,thingy,170,5,10,0,44,60
unit\thingy\smoke,thingy,171,0,8,0,84,84
unit\thingy\spooge,thingy,172,0,119,0,128,128
unit\thingy\sporehit,thingy,173,0,10,0,72,72
unit\thingy\spotrail,thingy,174,0,4,0,28,28
unit\thingy\startloc,thingy,174,4,1,0,128,96
unit\thingy\tbaglow,thingy,175,0,34,0,120,120
unit\thingy\tbangl,thingy,176,0,10,0,200,200
unit\thingy\tbangs,thingy,177,0,9,0,128,128
unit\thingy\tbangx,thingy,178,0,14,0,252,200
unit\thingy\tbmafter,thingy,179,0,34,0,128,128
unit\thingy\tbmglow,thingy,180,0,34,0,128,128
unit\thingy\tCureLrg,thingy,181,0,17,0,128,128
unit\thingy\tCureMed,thingy,182,0,17,0,64,64
unit\thingy\tCureSml,thingy,183,0,17,0,64,64
unit\thingy\tdrglow,thingy,184,0,34,0,68,68
unit\thingy\tileset\ashworld\hasroc01,thingy,185,0,1,0,128,160
unit\thingy\tileset\ashworld\hasroc02,thingy,185,1,1,0,128,128
unit\thingy\tileset\ashworld\hasroc03,thingy,185,2,1,0,128,128
unit\thingy\tileset\ashworld\hasroc04,thingy,185,3,1,0,128,128
unit\thingy\tileset\ashworld\hasroc05,thingy,185,4,1,0,128,160
unit\thingy\tileset\ashworld\hasroc06,thingy,186,0,1,0,128,160
unit\thingy\tileset\ashworld\lalroc01,thingy,187,0,1,0,128,192
unit\thingy\tileset\ashworld\lalroc02,thingy,188,0,1,0,128,192
unit\thingy\tileset\ashworld\rock01,thingy,189,0,1,0,128,192
unit\thingy\tileset\ashworld\rock02,thingy,190,0,1,0,128,192
unit\thingy\tileset\ashworld\rock03,thingy,191,0,1,0,128,192
unit\thingy\tileset\ashworld\rock04,thingy,192,0,1,0,128,192
unit\thingy\tileset\ashworld\rock05,thingy,193,0,1,0,128,192
unit\thingy\tileset\ashworld\rock1sha,thingy,194,0,1,0,128,192
unit\thingy\tileset\ashworld\rock2sha,thingy,195,0,1,0,128,192
unit\thingy\tileset\ashworld\rock3sha,thingy,196,0,1,0,128,192
unit\thingy\tileset\ashworld\rock4sha,thingy,197,0,1,0,128,192
unit\thingy\tileset\ashworld\rock5sha,thingy,198,0,1,0,128,192
unit\thingy\tileset\ashworld\rorock01,thingy,198,1,1,0,128,128
unit\thingy\tileset\ashworld\rorock02,thingy,199,0,1,0,128,128
unit\thingy\tileset\ashworld\rorock03,thingy,199,1,1,0,128,128
unit\thingy\tileset\badlands\hdrock01,thingy,199,2,1,0,64,96
unit\thingy\tileset\badlands\hdrock02,thingy,200,0,1,0,64,96
unit\thingy\tileset\badlands\hdrock03,thingy,200,1,1,0,64,96
unit\thingy\tileset\badlands\hdrock04,thingy,200,2,1,0,64,96
unit\thingy\tileset\badlands\hdrock05,thingy,200,3,1,0,128,128
unit\thingy\tileset\badlands\hdrock06,thingy,200,4,1,0,128,128
unit\thingy\tileset\badlands\hdrock07,thingy,201,0,1,0,128,128
unit\thingy\tileset\badlands\hdrock08,thingy,201,1,1,0,128,128
unit\thingy\tileset\badlands\hdrock1s,thingy,201,2,1,0,64,96
unit\thingy\tileset\badlands\hdrock2s,thingy,201,3,1,0,64,96
unit\thingy\tileset\badlands\hdrock3s,thingy,201,4,1,0,64,96
unit\thingy\tileset\badlands\hdrock4s,thingy,201,5,1,0,64,96
unit\thingy\tileset\badlands\hdtree01,thingy,202,0,1,0,192,192
unit\thingy\tileset\badlands\hdtree02,thingy,203,0,1,0,192,192
unit\thingy\tileset\badlands\hdtree03,thingy,204,0,1,0,192,192
unit\thingy\tileset\badlands\hdtree04,thingy,205,0,1,0,192,192
unit\thingy\tileset\badlands\hdvent01,thingy,206,0,1,0,128,96
unit\thingy\tileset\badlands\hgtree01,thingy,206,1,1,0,192,192
unit\thingy\tileset\badlands\lcshop01,thingy,207,0,1,0,192,160
unit\thingy\tileset\badlands\lcshop02,thingy,207,1,1,0,192,160
unit\thingy\tileset\badlands\lcshop03,thingy,208,0,1,0,192,224
unit\thingy\tileset\badlands\lcshop04,thingy,209,0,1,0,192,224
unit\thingy\tileset\badlands\lcshop05,thingy,209,1,1,0,192,160
unit\thingy\tileset\badlands\lcshop06,thingy,209,2,1,0,192,160
unit\thingy\tileset\badlands\lcshop07,thingy,210,0,1,0,192,224
unit\thingy\tileset\badlands\lcshop08,thingy,211,0,1,0,192,224
unit\thingy\tileset\badlands\lcshop09,thingy,211,1,1,0,192,160
unit\thingy\tileset\badlands\lcshopaa,thingy,212,0,1,0,192,160
unit\thingy\tileset\badlands\lcsign01,thingy,213,0,1,0,192,224
unit\thingy\tileset\badlands\lcsign02,thingy,214,0,1,0,192,224
unit\thingy\tileset\badlands\lcsign03,thingy,215,0,1,0,192,224
unit\thingy\tileset\badlands\lcsign04,thingy,216,0,1,0,192,224
unit\thingy\tileset\badlands\lcsign05,thingy,217,0,1,0,192,224
unit\thingy\tileset\badlands\lcsign06,thingy,218,0,1,0,192,224
unit\thingy\tileset\badlands\lcsign07,thingy,219,0,1,0,192,224
unit\thingy\tileset\badlands\lcsign08,thingy,220,0,1,0,192,224
unit\thingy\tileset\badlands\lcsign09,thingy,221,0,1,0,192,224
unit\thingy\tileset\badlands\lcsignaa,thingy,222,0,1,0,192,224
unit\thingy\tileset\badlands\lcsignbb,thingy,223,0,1,0,192,224
unit\thingy\tileset\badlands\lcsigncc,thingy,224,0,1,0,192,224
unit\thingy\tileset\badlands\ldtree1s,thingy,225,0,1,0,192,192
unit\thingy\tileset\badlands\ldtree2s,thingy,226,0,1,0,192,192
unit\thingy\tileset\badlands\ldtree3s,thingy,226,1,1,0,192,192
unit\thingy\tileset\badlands\ldtree4s,thingy,227,0,1,0,192,192
unit\thingy\tileset\desert\HDbant,thingy,228,0,6,0,128,160
unit\thingy\tileset\desert\HDBBroke,thingy,229,0,1,0,128,96
unit\thingy\tileset\desert\HDBGas,thingy,229,1,1,0,128,160
unit\thingy\tileset\desert\HDBmed,thingy,229,2,1,0,128,160
unit\thingy\tileset\desert\HDBMoss,thingy,230,0,1,0,128,160
unit\thingy\tileset\desert\HDBTent,thingy,230,1,1,0,128,192
unit\thingy\tileset\desert\HDLbox01,thingy,230,2,1,0,64,96
unit\thingy\tileset\desert\HDMachn2,thingy,230,3,1,0,64,96
unit\thingy\tileset\desert\HDPlnt03,thingy,230,4,1,0,96,64
unit\thingy\tileset\desert\JGBcomm,thingy,230,5,1,0,128,128
unit\thingy\tileset\desert\JGBFact,thingy,230,6,1,0,128,160
unit\thingy\tileset\desert\JGBGas,thingy,231,0,1,0,128,160
unit\thingy\tileset\desert\JGBgen,thingy,231,1,1,0,128,160
unit\thingy\tileset\desert\JGBRed,thingy,231,2,1,0,128,160
unit\thingy\tileset\desert\JGBroke,thingy,232,0,1,0,128,96
unit\thingy\tileset\desert\JGBsgn,thingy,232,1,1,0,128,160
unit\thingy\tileset\desert\JGBTent,thingy,232,2,1,0,128,128
unit\thingy\tileset\desert\JGPlnt01,thingy,232,3,1,0,64,64
unit\thingy\tileset\desert\JGPlnt02,thingy,232,4,1,0,64,96
unit\thingy\tileset\desert\LDBaz,thingy,232,5,1,0,128,160
unit\thingy\tileset\desert\LDBgas,thingy,233,0,1,0,128,128
unit\thingy\tileset\desert\LDBgren,thingy,233,1,1,0,128,160
unit\thingy\tileset\desert\LDBneon,thingy,234,0,3,0,128,160
unit\thingy\tileset\desert\LDBsuky,thingy,235,0,1,0,128,160
unit\thingy\tileset\desert\LDBTent,thingy,235,1,1,0,128,128
unit\thingy\tileset\desert\LDLbox01,thingy,235,2,1,0,64,96
unit\thingy\tileset\desert\LDMachn1,thingy,235,3,1,0,64,96
unit\thingy\tileset\desert\LDneon,thingy,236,0,3,0,128,128
unit\thingy\tileset\desert\LDPlnt04,thingy,237,0,1,0,64,96
unit\thingy\tileset\desert\Sarlacc,thingy,238,0,8,0,128,64
unit\thingy\tileset\desert\SHDBBrke,thingy,239,0,1,0,128,96
unit\thingy\tileset\desert\SHDBGas,thingy,239,1,1,0,128,160
unit\thingy\tileset\desert\SHDBmed,thingy,239,2,1,0,128,160
unit\thingy\tileset\desert\SHDBMoss,thingy,239,3,1,0,128,160
unit\thingy\tileset\desert\SHDBTent,thingy,240,0,1,0,128,192
unit\thingy\tileset\desert\SHDLbox1,thingy,240,1,1,0,64,96
unit\thingy\tileset\desert\SHdplnt3,thingy,240,2,1,0,96,64
unit\thingy\tileset\desert\SJgBcomm,thingy,240,3,1,0,128,128
unit\thingy\tileset\desert\SJGBFact,thingy,241,0,1,0,128,160
unit\thingy\tileset\desert\SJgbgas,thingy,241,1,1,0,128,160
unit\thingy\tileset\desert\SJgbgen,thingy,241,2,1,0,128,160
unit\thingy\tileset\desert\SJgbred,thingy,242,0,1,0,128,160
unit\thingy\tileset\desert\SJGBroke,thingy,242,1,1,0,128,96
unit\thingy\tileset\desert\SJgbsgn,thingy,242,2,1,0,128,160
unit\thingy\tileset\desert\SJgbtent,thingy,242,3,1,0,128,128
unit\thingy\tileset\desert\SJgplnt2,thingy,242,4,1,0,64,96
unit\thingy\tileset\desert\SLdbaz,thingy,242,5,1,0,128,160
unit\thingy\tileset\desert\SLdbgas,thingy,242,6,1,0,128,128
unit\thingy\tileset\desert\SLdbgren,thingy,243,0,1,0,128,160
unit\thingy\tileset\desert\SLdbSuky,thingy,243,1,1,0,128,160
unit\thingy\tileset\desert\SLdbtent,thingy,243,2,1,0,128,128
unit\thingy\tileset\desert\SLdlbox1,thingy,243,3,1,0,64,96
unit\thingy\tileset\desert\SLdmchn1,thingy,243,4,1,0,64,96
unit\thingy\tileset\desert\SLdplnt4,thingy,243,5,1,0,64,96
unit\thingy\tileset\desert\TGas,thingy,244,0,11,0,64,96
unit\thingy\tileset\Ice\HDbld01,thingy,244,11,1,0,128,192
unit\thingy\tileset\Ice\HDbld02,thingy,245,0,1,0,128,192
unit\thingy\tileset\Ice\HDbld03,thingy,245,1,1,0,128,192
unit\thingy\tileset\Ice\HDbld04,thingy,245,2,1,0,128,128
unit\thingy\tileset\Ice\HDPipes,thingy,245,3,1,0,64,96
unit\thingy\tileset\Ice\HDradarl,thingy,245,4,1,0,64,96
unit\thingy\tileset\Ice\HDradarR,thingy,246,0,1,0,64,96
unit\thingy\tileset\Ice\HDRadr02,thingy,246,1,1,0,64,128
unit\thingy\tileset\Ice\HDRock01,thingy,246,2,1,0,128,96
unit\thingy\tileset\Ice\HDRock02,thingy,246,3,1,0,128,96
unit\thingy\tileset\Ice\HDSpire,thingy,246,4,1,0,64,160
unit\thingy\tileset\Ice\HDSTre01,thingy,247,0,1,0,64,96
unit\thingy\tileset\Ice\HDSTre02,thingy,247,1,1,0,64,96
unit\thingy\tileset\Ice\HDSTre03,thingy,247,2,1,0,64,96
unit\thingy\tileset\Ice\HDSTre04,thingy,248,0,1,0,64,128
unit\thingy\tileset\Ice\HDTwr01,thingy,248,1,1,0,64,160
unit\thingy\tileset\Ice\HDTwr02,thingy,248,2,1,0,64,160
unit\thingy\tileset\Ice\JGAnt1,thingy,248,3,1,0,64,96
unit\thingy\tileset\Ice\LDbld01,thingy,249,0,1,0,128,128
unit\thingy\tileset\Ice\LDbld02,thingy,249,1,1,0,128,128
unit\thingy\tileset\Ice\LDBTre01,thingy,250,0,1,0,128,224
unit\thingy\tileset\Ice\LDBTre02,thingy,251,0,1,0,128,224
unit\thingy\tileset\Ice\LDBTre03,thingy,252,0,1,0,128,224
unit\thingy\tileset\Ice\LDBTre04,thingy,253,0,1,0,128,224
unit\thingy\tileset\Ice\LDComm,thingy,253,1,1,0,128,128
unit\thingy\tileset\Ice\LDDish,thingy,254,0,1,0,64,96
unit\thingy\tileset\Ice\LDDtre01,thingy,254,1,1,0,64,256
unit\thingy\tileset\Ice\LDDtre02,thingy,254,2,1,0,64,224
unit\thingy\tileset\Ice\LDRck01,thingy,254,3,1,0,128,96
unit\thingy\tileset\Ice\LDRck02,thingy,254,4,1,0,128,128
unit\thingy\tileset\Ice\LDRdr01,thingy,254,5,1,0,64,96
unit\thingy\tileset\Ice\LDRdr02,thingy,255,0,1,0,64,96
unit\thingy\tileset\Ice\LDRdr03,thingy,255,1,1,0,64,96
unit\thingy\tileset\Ice\LDSmRock,thingy,255,2,1,0,64,96
unit\thingy\tileset\Ice\LDthing,thingy,255,3,1,0,64,96
unit\thingy\tileset\Ice\RJBTree1,thingy,255,4,1,0,128,224
unit\thingy\tileset\Ice\RJBTree2,thingy,256,0,1,0,128,224
unit\thingy\tileset\Ice\RJBTree3,thingy,257,0,1,0,128,160
unit\thingy\tileset\Ice\RJBTree4,thingy,258,0,1,0,128,160
unit\thingy\tileset\Ice\SHDbld01,thingy,259,0,1,0,128,192
unit\thingy\tileset\Ice\SHdbld02,thingy,259,1,1,0,128,192
unit\thingy\tileset\Ice\SHDbld03,thingy,260,0,1,0,128,192
unit\thingy\tileset\Ice\SHDbld04,thingy,261,0,1,0,128,128
unit\thingy\tileset\Ice\SHDPipes,thingy,261,1,1,0,64,96
unit\thingy\tileset\Ice\SHdRadr2,thingy,261,2,1,0,64,128
unit\thingy\tileset\Ice\SHDRadrL,thingy,261,3,1,0,64,96
unit\thingy\tileset\Ice\SHDRadrR,thingy,261,4,1,0,64,96
unit\thingy\tileset\Ice\SHDRck01,thingy,262,0,1,0,128,96
unit\thingy\tileset\Ice\SHDRck02,thingy,262,1,1,0,128,96
unit\thingy\tileset\Ice\SHDSpire,thingy,262,2,1,0,64,160
unit\thingy\tileset\Ice\SHDtwr01,thingy,262,3,1,0,64,160
unit\thingy\tileset\Ice\SHDTwr02,thingy,262,4,1,0,64,160
unit\thingy\tileset\Ice\SLDBld01,thingy,263,0,1,0,128,128
unit\thingy\tileset\Ice\SLDBld02,thingy,263,1,1,0,128,128
unit\thingy\tileset\Ice\SLDBTre1,thingy,264,0,1,0,128,224
unit\thingy\tileset\Ice\SLDBTre2,thingy,265,0,1,0,128,224
unit\thingy\tileset\Ice\SLDBTre3,thingy,266,0,1,0,128,224
unit\thingy\tileset\Ice\SLDBTre4,thingy,266,1,1,0,128,224
unit\thingy\tileset\Ice\SLDComm,thingy,267,0,1,0,128,128
unit\thingy\tileset\Ice\SLDDish,thingy,267,1,1,0,64,96
unit\thingy\tileset\Ice\SLDDTre1,thingy,267,2,1,0,64,256
unit\thingy\tileset\Ice\SLDDTre2,thingy,267,3,1,0,64,224
unit\thingy\tileset\Ice\SLDRck01,thingy,267,4,1,0,128,96
unit\thingy\tileset\Ice\SLDRck02,thingy,268,0,1,0,128,128
unit\thingy\tileset\Ice\SLDRdr01,thingy,268,1,1,0,64,96
unit\thingy\tileset\Ice\SLDRdr02,thingy,268,2,1,0,64,96
unit\thingy\tileset\Ice\SLDRdr03,thingy,268,3,1,0,64,96
unit\thingy\tileset\Ice\SLDSmRck,thingy,268,4,1,0,64,96
unit\thingy\tileset\Ice\SLDthing,thingy,268,5,1,0,64,96
unit\thingy\tileset\Ice\SRJBTre1,thingy,269,0,1,0,128,224
unit\thingy\tileset\Ice\SRJBTre2,thingy,270,0,1,0,128,224
unit\thingy\tileset\Ice\SRJBTre3,thingy,271,0,1,0,128,160
unit\thingy\tileset\Ice\SRJBTre4,thingy,272,0,1,0,128,160
unit\thingy\tileset\install\clplat1t,thingy,273,0,17,0,64,96
unit\thingy\tileset\install\clplate1,thingy,274,0,12,0,64,96
unit\thingy\tileset\install\clplate2,thingy,275,0,12,0,64,96
unit\thingy\tileset\install\crdoor1,thingy,276,0,10,0,192,160
unit\thingy\tileset\install\dcfan1,thingy,277,0,8,0,64,96
unit\thingy\tileset\install\dcfan2,thingy,278,0,8,0,64,96
unit\thingy\tileset\install\dcgun1,thingy,279,0,7,0,64,96
unit\thingy\tileset\install\dcgun2,thingy,280,0,11,0,64,96
unit\thingy\tileset\install\dicran1,thingy,280,11,1,0,128,128
unit\thingy\tileset\install\dicran2,thingy,281,0,1,0,128,128
unit\thingy\tileset\install\dicran3,thingy,281,1,1,0,128,128
unit\thingy\tileset\install\dicran4,thingy,281,2,1,0,128,128
unit\thingy\tileset\install\didoor1,thingy,282,0,10,0,192,160
unit\thingy\tileset\install\digear1,thingy,283,0,6,0,64,64
unit\thingy\tileset\install\digear2,thingy,284,0,6,0,64,64
unit\thingy\tileset\install\dihatc1,thingy,285,0,10,0,256,128
unit\thingy\tileset\jungle\dd025,thingy,286,0,1,0,128,96
unit\thingy\tileset\jungle\dd026,thingy,286,1,1,0,64,64
unit\thingy\tileset\jungle\dd027,thingy,286,2,1,0,128,104
unit\thingy\tileset\jungle\dd028,thingy,287,0,1,0,128,104
unit\thingy\tileset\jungle\dd029,thingy,287,1,1,0,128,104
unit\thingy\tileset\jungle\dd030,thingy,287,2,1,0,128,96
unit\thingy\tileset\jungle\dd031,thingy,287,3,1,0,128,96
unit\thingy\tileset\jungle\dd055,thingy,287,4,1,0,128,128
unit\thingy\tileset\jungle\dd056,thingy,288,0,1,0,64,96
unit\thingy\tileset\jungle\dd075,thingy,288,1,1,0,128,104
unit\thingy\tileset\jungle\dd076,thingy,288,2,1,0,128,104
unit\thingy\tileset\jungle\dd077,thingy,289,0,1,0,128,104
unit\thingy\tileset\jungle\dd078,thingy,289,1,1,0,128,96
unit\thingy\tileset\jungle\dd079,thingy,289,2,1,0,128,96
unit\thingy\tileset\jungle\dd080,thingy,289,3,1,0,128,64
unit\thingy\tileset\jungle\dd081,thingy,289,4,1,0,128,64
unit\thingy\tileset\jungle\dd091,thingy,290,0,1,0,128,96
unit\thingy\tileset\jungle\dd203,thingy,290,1,1,0,128,96
unit\thingy\tileset\jungle\dd204,thingy,290,2,1,0,128,96
unit\thingy\tileset\jungle\dd205,thingy,291,0,1,0,128,96
unit\thingy\tileset\jungle\dd206,thingy,291,1,1,0,128,96
unit\thingy\tileset\jungle\dd207,thingy,292,0,1,0,128,96
unit\thingy\tileset\jungle\dd209,thingy,293,0,1,0,192,192
unit\thingy\tileset\jungle\dd210,thingy,294,0,1,0,128,96
unit\thingy\tileset\jungle\dd211,thingy,294,1,1,0,128,96
unit\thingy\tileset\jungle\hdrock01,thingy,295,0,1,0,64,96
unit\thingy\tileset\jungle\hdrock02,thingy,295,1,1,0,64,96
unit\thingy\tileset\jungle\hdrock03,thingy,295,2,1,0,64,96
unit\thingy\tileset\jungle\hdrock04,thingy,295,3,1,0,64,96
unit\thingy\tileset\jungle\hdrock1s,thingy,295,4,1,0,64,96
unit\thingy\tileset\jungle\hdrock2s,thingy,296,0,1,0,64,96
unit\thingy\tileset\jungle\hdrock3s,thingy,296,1,1,0,64,96
unit\thingy\tileset\jungle\hdrock4s,thingy,296,2,1,0,64,96
unit\thingy\tileset\jungle\jubush01,thingy,296,3,1,0,128,96
unit\thingy\tileset\jungle\jubush03,thingy,296,4,1,0,128,96
unit\thingy\tileset\jungle\jubush05,thingy,297,0,1,0,128,96
unit\thingy\tileset\jungle\jubush1s,thingy,297,1,1,0,128,96
unit\thingy\tileset\jungle\jubush3s,thingy,297,2,1,0,128,96
unit\thingy\tileset\jungle\jubush5s,thingy,297,3,1,0,128,96
unit\thingy\tileset\jungle\ldtree01,thingy,298,0,1,0,192,192
unit\thingy\tileset\jungle\ldtree02,thingy,299,0,1,0,192,192
unit\thingy\tileset\jungle\ldtree03,thingy,300,0,1,0,192,192
unit\thingy\tileset\jungle\ldtree04,thingy,301,0,1,0,192,192
unit\thingy\tileset\jungle\ldtree1s,thingy,302,0,1,0,192,192
unit\thingy\tileset\jungle\ldtree2s,thingy,303,0,1,0,192,192
unit\thingy\tileset\jungle\ldtree3s,thingy,303,1,1,0,192,192
unit\thingy\tileset\jungle\ldtree4s,thingy,304,0,1,0,192,192
unit\thingy\tileset\jungle\tree01,thingy,305,0,1,0,128,128
unit\thingy\tileset\jungle\tree02,thingy,306,0,1,0,128,128
unit\thingy\tileset\jungle\tree03,thingy,307,0,1,0,128,128
unit\thingy\tileset\jungle\tree04,thingy,307,1,1,0,128,128
unit\thingy\tileset\jungle\tree1sha,thingy,308,0,1,0,128,128
unit\thingy\tileset\jungle\tree2sha,thingy,308,1,1,0,128,128
unit\thingy\tileset\jungle\tree3sha,thingy,308,2,1,0,128,128
unit\thingy\tileset\jungle\tree4sha,thingy,309,0,1,0,128,128
unit\thingy\tileset\platform\dish01,thingy,310,0,1,0,128,192
unit\thingy\tileset\platform\dish02,thingy,311,0,1,0,128,192
unit\thingy\tileset\platform\dish03,thingy,312,0,1,0,128,192
unit\thingy\tileset\platform\dish1sha,thingy,313,0,1,0,128,224
unit\thingy\tileset\platform\dish2sha,thingy,314,0,1,0,128,224
unit\thingy\tileset\platform\dish3sha,thingy,314,1,1,0,128,224
unit\thingy\tileset\platform\glob01,thingy,315,0,1,0,128,192
unit\thingy\tileset\platform\glob02,thingy,316,0,1,0,128,192
unit\thingy\tileset\platform\glob03,thingy,317,0,1,0,128,192
unit\thingy\tileset\platform\glob1sha,thingy,317,1,1,0,128,224
unit\thingy\tileset\platform\glob2sha,thingy,318,0,1,0,128,224
unit\thingy\tileset\platform\glob3sha,thingy,318,1,1,0,128,224
unit\thingy\tileset\platform\lbsign01,thingy,319,0,1,0,192,224
unit\thingy\tileset\platform\lbsign02,thingy,320,0,1,0,192,224
unit\thingy\tileset\platform\lbsign03,thingy,321,0,1,0,192,224
unit\thingy\tileset\platform\lbsign04,thingy,322,0,1,0,192,224
unit\thingy\tileset\platform\lbsign05,thingy,323,0,1,0,192,224
unit\thingy\tileset\platform\lbsign06,thingy,324,0,1,0,192,224
unit\thingy\tileset\platform\lbsign07,thingy,325,0,1,0,192,224
unit\thingy\tileset\platform\lbsign08,thingy,326,0,1,0,192,224
unit\thingy\tileset\platform\refinery,thingy,327,0,1,0,128,128
unit\thingy\tileset\platform\spthin01,thingy,327,1,1,0,128,96
unit\thingy\tileset\platform\towr01,thingy,328,0,1,0,64,224
unit\thingy\tileset\platform\towr02,thingy,328,1,1,0,64,224
unit\thingy\tileset\platform\tree01,thingy,329,0,6,0,128,192
unit\thingy\tileset\platform\tree02,thingy,330,0,8,0,128,224
unit\thingy\tileset\twilight\JTree01,thingy,331,0,1,0,64,160
unit\thingy\tileset\twilight\JTree02,thingy,331,1,1,0,64,160
unit\thingy\tileset\twilight\JTree03,thingy,331,2,1,0,64,96
unit\thingy\tileset\twilight\JTree04,thingy,331,3,1,0,64,192
unit\thingy\tileset\twilight\JTree05,thingy,332,0,1,0,64,160
unit\thingy\tileset\twilight\LDarch,thingy,332,1,1,0,128,96
unit\thingy\tileset\twilight\LDdrill,thingy,333,0,3,0,128,96
unit\thingy\tileset\twilight\LDxel01,thingy,334,0,3,0,128,96
unit\thingy\tileset\twilight\LDxel02,thingy,335,0,3,0,128,128
unit\thingy\tileset\twilight\LDxel03,thingy,336,0,1,0,128,192
unit\thingy\tileset\twilight\LDxel04,thingy,336,1,1,0,128,192
unit\thingy\tileset\twilight\LDxel05,thingy,337,0,1,0,64,192
unit\thingy\tileset\twilight\LDxel06,thingy,337,1,1,0,128,160
unit\thingy\tileset\twilight\LDxeltur,thingy,338,0,9,0,128,128
unit\thingy\tileset\twilight\Rstatue,thingy,339,0,1,0,128,128
unit\thingy\tmeFlshL,thingy,340,0,10,0,128,128
unit\thingy\tmeFlshM,thingy,341,0,9,0,64,64
unit\thingy\tmeFlshS,thingy,342,0,9,0,32,32
unit\thingy\tmeHealL,thingy,343,0,15,0,128,128
unit\thingy\tmeHealM,thingy,344,0,14,0,64,64
unit\thingy\tmeHealS,thingy,345,0,15,0,32,32
unit\thingy\tmnexplo,thingy,346,0,10,0,80,80
unit\thingy\tphglow,thingy,347,0,34,0,64,64
unit\thingy\tscglow,thingy,348,0,68,0,72,72
unit\thingy\tveglowb,thingy,349,0,3,0,96,128
unit\thingy\tveglowo,thingy,350,0,3,0,96,128
unit\thingy\tvegloww,thingy,351,0,3,0,96,128
unit\thingy\zairdthl,thingy,352,0,8,0,140,140
unit\thingy\zairdths,thingy,353,0,8,0,80,80
unit\thingy\zbgexplo,thingy,354,0,10,0,80,80
unit\thingy\zblddths,thingy,355,0,12,0,200,200
unit\thingy\zdvBirth,thingy,356,0,11,0,96,96
unit\thingy\ZdvGooL,thingy,357,0,272,0,56,56
unit\thingy\ZdvGooM,thingy,358,0,272,0,32,32
unit\thingy\ZdvGooS,thingy,359,0,272,0,24,24
unit\thingy\zdvHit,thingy,360,0,10,0,64,64
unit\thingy\zdvPuke,thingy,361,0,68,0,80,80
unit\thingy\zrubblel,thingy,362,0,4,0,128,128
unit\thingy\zrubbles,thingy,363,0,4,0,96,96
unit\neutral\acritter,neutral,1,0,162,161,104,104
unit\neutral\bcritter,neutral,2,0,195,0,104,104
unit\neutral\cbashad,neutral,3,0,1,0,160,128
unit\neutral\cbattle,neutral,4,0,2,1,160,128
unit\neutral\civilian,neutral,5,0,272,136,64,64
unit\neutral\datadisk,neutral,6,0,17,0,20,20
unit\neutral\flag,neutral,7,0,12,6,32,32
unit\neutral\gasorb,neutral,8,0,34,0,32,32
unit\neutral\gassac,neutral,9,0,34,0,32,32
unit\neutral\gastank,neutral,9,34,2,0,28,28
unit\neutral\Generate,neutral,10,0,7,0,144,144
unit\neutral\geyser,neutral,11,0,8,0,128,64
unit\neutral\geyshad,neutral,12,0,4,0,160,64
unit\neutral\ICritter,neutral,13,0,144,0,92,92
unit\neutral\ion,neutral,14,0,1,0,256,160
unit\neutral\jcritter,neutral,15,0,212,0,128,128
unit\neutral\KCritter,neutral,16,0,214,212,92,92
unit\neutral\kerrchry,neutral,17,0,4,0,64,64
unit\neutral\kerregg,neutral,18,0,17,0,64,64
unit\neutral\Khalis,neutral,19,0,17,0,28,28
unit\neutral\khchunk,neutral,20,0,17,0,28,28
unit\neutral\khyad01,neutral,21,0,1,0,128,128
unit\neutral\maprev,neutral,22,0,8,4,32,32
unit\neutral\min01,neutral,23,0,4,0,64,96
unit\neutral\min01sha,neutral,24,0,4,0,128,96
unit\neutral\min02,neutral,25,0,4,0,64,96
unit\neutral\min02sha,neutral,26,0,4,0,128,96
unit\neutral\min03,neutral,27,0,4,0,64,96
unit\neutral\min03sha,neutral,28,0,4,0,128,96
unit\neutral\nacshad,neutral,29,0,153,0,104,104
unit\neutral\nbcshad,neutral,30,0,187,0,104,104
unit\neutral\ncicShad,neutral,31,0,144,0,92,92
unit\neutral\ncishad,neutral,32,0,136,0,64,64
unit\neutral\nckShad,neutral,33,0,212,0,92,92
unit\neutral\nddsha2,neutral,34,0,17,0,32,32
unit\neutral\nddshad,neutral,34,17,1,0,32,32
unit\neutral\nflsha2,neutral,34,18,1,0,32,32
unit\neutral\nflshad,neutral,34,19,1,0,32,32
unit\neutral\ngcshad,neutral,34,20,2,0,28,28
unit\neutral\ngoshad,neutral,35,0,34,0,32,32
unit\neutral\ngsshad,neutral,36,0,34,0,32,32
unit\neutral\njcshad,neutral,37,0,204,0,128,128
unit\neutral\nkesha2,neutral,38,0,17,0,64,64
unit\neutral\nkeshad,neutral,38,17,1,0,64,64
unit\neutral\nkhsha2,neutral,38,18,1,0,36,36
unit\neutral\nkhshad,neutral,38,19,1,0,36,36
unit\neutral\nkoshad,neutral,38,20,4,0,64,64
unit\neutral\norshad,neutral,38,24,17,0,32,32
unit\neutral\npssha2,neutral,39,0,7,0,40,40
unit\neutral\npsshad,neutral,39,7,7,0,40,40
unit\neutral\NrcDeath,neutral,40,0,4,0,92,92
unit\neutral\orechunk,neutral,41,0,17,0,32,32
unit\neutral\PsiDisr,neutral,42,0,1,0,224,212
unit\neutral\psiemit,neutral,43,0,14,7,24,24
unit\neutral\SCritter,neutral,44,0,421,214,92,92
unit\neutral\starbase,neutral,45,0,2,1,128,192
unit\neutral\stasis,neutral,46,0,1,0,128,160
unit\neutral\temple,neutral,47,0,1,0,224,160
unit\neutral\tgnShad,neutral,48,0,7,0,144,144
unit\neutral\tpdShad,neutral,49,0,1,0,224,212
unit\neutral\Uraj,neutral,50,0,17,0,28,28
unit\protoss\arbiter,protoss,1,0,68,34,76,76
unit\protoss\archives,protoss,2,0,4,2,160,192
unit\protoss\archon,protoss,3,0,27,0,120,120
unit\protoss\archont,protoss,4,0,238,0,120,120
unit\protoss\archont2,protoss,5,0,30,15,120,120
unit\protoss\assim,protoss,6,0,2,1,192,192
unit\protoss\beacon,protoss,7,0,2,1,96,128
unit\protoss\carrier,protoss,8,0,34,17,128,128
unit\protoss\citadel,protoss,9,0,2,1,160,128
unit\protoss\corsair,protoss,10,0,170,85,60,60
unit\protoss\darchn,protoss,11,0,27,0,120,120
unit\protoss\darchnT,protoss,12,0,209,187,120,120
unit\protoss\darchnT2,protoss,13,0,30,15,120,120
unit\protoss\dragoon,protoss,14,0,823,415,96,96
unit\protoss\dtemplar,protoss,15,0,612,306,64,64
unit\protoss\forge,protoss,16,0,2,1,160,128
unit\protoss\forget,protoss,17,0,6,3,160,128
unit\protoss\gateway,protoss,18,0,2,1,128,160
unit\protoss\gencore,protoss,19,0,2,1,96,128
unit\protoss\gencoret,protoss,20,0,4,2,96,128
unit\protoss\intercep,protoss,21,0,68,34,32,32
unit\protoss\lowm\arbiter,protoss,22,0,68,34,76,76
unit\protoss\lowm\scout,protoss,23,0,68,34,72,72
unit\protoss\lowm\shuttle,protoss,24,0,34,17,60,60
unit\protoss\lowm\texture,protoss,25,0,21,0,192,192
unit\protoss\lowm\witness,protoss,26,0,34,17,40,40
unit\protoss\nexus,protoss,27,0,2,1,192,224
unit\protoss\pacshad,protoss,28,0,1,0,160,192
unit\protoss\passhad,protoss,29,0,1,0,192,192
unit\protoss\paushad,protoss,30,0,1,0,96,128
unit\protoss\pb1glow,protoss,31,0,14,0,152,152
unit\protoss\pbaglow,protoss,32,0,6,3,96,64
unit\protoss\pbashad,protoss,33,0,5,0,96,64
unit\protoss\pbeshad,protoss,34,0,1,0,160,128
unit\protoss\pcirglow,protoss,35,0,4,0,100,80
unit\protoss\pcishad,protoss,36,0,1,0,160,128
unit\protoss\PdaDeath,protoss,37,0,30,15,160,160
unit\protoss\pdrdeath,protoss,38,0,9,5,96,96
unit\protoss\pdrshad,protoss,39,0,408,0,96,96
unit\protoss\pfoshad,protoss,40,0,4,0,160,128
unit\protoss\pgashad,protoss,41,0,1,0,128,160
unit\protoss\pgcshad,protoss,42,0,1,0,96,128
unit\protoss\photon,protoss,43,0,8,4,64,128
unit\protoss\pmarker,protoss,44,0,2,1,100,80
unit\protoss\pneglow,protoss,45,0,5,0,192,224
unit\protoss\pneshad,protoss,46,0,1,0,192,224
unit\protoss\ppbshad,protoss,47,0,4,0,64,128
unit\protoss\ppyshad,protoss,47,4,1,0,64,128
unit\protoss\prism,protoss,48,0,2,1,96,128
unit\protoss\probe,protoss,49,0,34,17,32,32
unit\protoss\proshad,protoss,50,0,1,0,128,144
unit\protoss\psgglow,protoss,51,0,4,2,128,160
unit\protoss\psgshad,protoss,52,0,1,0,128,160
unit\protoss\pstshad,protoss,53,0,1,0,160,128
unit\protoss\pteshad,protoss,54,0,289,0,128,128
unit\protoss\ptrshad,protoss,55,0,153,0,84,84
unit\protoss\pwashad,protoss,56,0,1,0,192,160
unit\protoss\pwgShad,protoss,57,0,1,0,160,240
unit\protoss\pxtShad,protoss,58,0,1,0,256,256
unit\protoss\pylon,protoss,59,0,2,1,64,64
unit\protoss\pzeshad,protoss,60,0,221,0,128,128
unit\protoss\robotic,protoss,61,0,39,20,96,128
unit\protoss\sapper,protoss,62,0,30,17,20,20
unit\protoss\sbattery,protoss,63,0,2,1,96,64
unit\protoss\scout,protoss,64,0,68,34,72,72
unit\protoss\shuttle,protoss,65,0,34,17,60,60
unit\protoss\stargate,protoss,66,0,2,1,128,160
unit\protoss\stasis,protoss,67,0,2,1,160,128
unit\protoss\templar,protoss,68,0,585,296,128,128
unit\protoss\texture,protoss,69,0,21,0,192,192
unit\protoss\trilob,protoss,70,0,306,153,84,84
unit\protoss\warp,protoss,71,0,2,1,192,160
unit\protoss\witness,protoss,72,0,34,17,40,40
unit\protoss\XelTempl,protoss,73,0,1,0,256,256
unit\protoss\XWarpFir,protoss,74,0,12,6,160,240
unit\protoss\XWarpGat,protoss,75,0,1,0,160,240
unit\protoss\zealot,protoss,76,0,449,228,128,128
unit\terran\academy,terran,1,0,3,2,96,128
unit\terran\academyt,terran,2,0,1,0,96,128
unit\terran\battlecr,terran,3,0,34,17,120,120
unit\terran\bomber,terran,4,0,34,17,128,128
unit\terran\chemlab,terran,5,0,3,2,160,128
unit\terran\chemlabt,terran,6,0,6,3,160,128
unit\terran\comsat,terran,7,0,4,2,128,64
unit\terran\comsatc,terran,8,0,4,0,128,64
unit\terran\comsatt,terran,9,0,10,0,128,64
unit\terran\control,terran,10,0,12,6,128,160
unit\terran\controlt,terran,11,0,1,0,128,160
unit\terran\depot,terran,12,0,4,2,96,128
unit\terran\depott,terran,13,0,18,12,96,128
unit\terran\dropship,terran,14,0,34,17,60,60
unit\terran\drydockc,terran,15,0,5,0,128,64
unit\terran\drydocks,terran,16,0,4,2,128,64
unit\terran\drydockt,terran,17,0,1,0,128,64
unit\terran\factory,terran,18,0,14,7,128,160
unit\terran\factoryt,terran,19,0,3,0,128,160
unit\terran\firebat,terran,20,0,340,170,32,32
unit\terran\genelab,terran,21,0,3,2,128,128
unit\terran\genelabc,terran,22,0,5,0,128,128
unit\terran\genelabt,terran,22,5,1,0,128,128
unit\terran\ghost,terran,23,0,451,229,64,64
unit\terran\goliath,terran,24,0,340,170,76,76
unit\terran\goliatht,terran,25,0,374,187,76,76
unit\terran\lowm\dropship,terran,26,0,34,17,60,60
unit\terran\lowm\phoenix,terran,27,0,34,17,64,64
unit\terran\machinec,terran,28,0,4,0,128,128
unit\terran\machines,terran,29,0,10,5,128,128
unit\terran\marine,terran,30,0,452,229,64,64
unit\terran\medic,terran,31,0,460,230,64,64
unit\terran\missile,terran,32,0,6,3,128,128
unit\terran\missilet,terran,33,0,68,34,128,128
unit\terran\nukemiss,terran,34,0,34,17,48,40
unit\terran\nukesilc,terran,35,0,5,0,128,64
unit\terran\nukesilo,terran,36,0,4,2,128,64
unit\terran\nukesilt,terran,37,0,2,1,128,64
unit\terran\phoenix,terran,38,0,34,17,64,64
unit\terran\physics,terran,39,0,13,7,128,64
unit\terran\physicsc,terran,40,0,5,0,128,64
unit\terran\pillbox,terran,41,0,4,2,96,128
unit\terran\pillboxt,terran,42,0,17,0,64,64
unit\terran\refinery,terran,43,0,7,5,192,192
unit\terran\research,terran,44,0,12,6,128,96
unit\terran\researct,terran,45,0,1,0,128,96
unit\terran\scv,terran,46,0,102,51,72,72
unit\terran\spider,terran,47,0,24,12,36,36
unit\terran\stank,terran,48,0,12,6,128,128
unit\terran\stankt,terran,49,0,204,102,128,128
unit\terran\starport,terran,50,0,12,6,128,160
unit\terran\starpot,terran,51,0,6,3,128,160
unit\terran\tacshad,terran,52,0,3,0,96,128
unit\terran\tank,terran,53,0,102,51,128,128
unit\terran\tankt,terran,54,0,34,17,128,128
unit\terran\tb1shad,terran,55,0,3,0,96,96
unit\terran\tb2shad,terran,56,0,3,0,128,128
unit\terran\tb3shad,terran,57,0,3,0,96,96
unit\terran\tbarrack,terran,58,0,18,9,192,160
unit\terran\tbldlrg,terran,59,0,3,0,160,128
unit\terran\tbldmed,terran,60,0,3,0,96,96
unit\terran\tbldsml,terran,61,0,3,0,96,96
unit\terran\tbrshad,terran,62,0,10,0,192,160
unit\terran\tccshad,terran,63,0,6,0,128,160
unit\terran\tcirglow,terran,64,0,4,0,128,128
unit\terran\tclshad,terran,65,0,3,0,160,128
unit\terran\tcsshad,terran,66,0,3,0,128,64
unit\terran\tddshad,terran,67,0,3,0,128,64
unit\terran\tdeshad,terran,68,0,3,0,96,128
unit\terran\tfashad,terran,69,0,8,0,128,160
unit\terran\tfbshad,terran,70,0,170,0,32,32
unit\terran\tghdeath,terran,71,0,3,0,64,64
unit\terran\tghshad,terran,72,0,221,0,64,64
unit\terran\tglshad,terran,73,0,3,0,128,128
unit\terran\tgoshad,terran,74,0,170,0,76,76
unit\terran\tmadeath,terran,75,0,3,0,64,64
unit\terran\tmarker,terran,76,0,2,1,128,128
unit\terran\tmashad,terran,77,0,221,0,44,44
unit\terran\tmeDeath,terran,78,0,7,4,64,64
unit\terran\tmeshad,terran,79,0,323,0,64,64
unit\terran\tmishad,terran,80,0,3,0,128,128
unit\terran\tmsshad,terran,81,0,5,0,128,128
unit\terran\tnsshad,terran,82,0,2,0,128,64
unit\terran\tpbshad,terran,83,0,3,0,96,128
unit\terran\tplshad,terran,84,0,8,0,128,128
unit\terran\treshad,terran,85,0,5,0,192,192
unit\terran\trlshad,terran,86,0,7,0,128,96
unit\terran\tsmshad,terran,87,0,12,0,36,36
unit\terran\tspshad,terran,88,0,7,0,128,160
unit\terran\tstshad,terran,89,0,6,0,128,128
unit\terran\ttashad,terran,90,0,51,0,128,128
unit\terran\tveshad,terran,91,0,1,0,96,128
unit\terran\twpshad,terran,92,0,6,0,192,160
unit\terran\ughost,terran,93,0,442,221,64,64
unit\terran\ughshad,terran,94,0,221,0,64,64
unit\terran\vulture,terran,95,0,34,17,100,100
unit\terran\weaponpl,terran,96,0,12,6,192,160
unit\terran\weaponpt,terran,97,0,6,0,192,160
unit\terran\wessel,terran,98,0,2,1,96,128
unit\terran\wesselt,terran,99,0,34,17,100,100
unit\zerg\avenger,zerg,1,0,170,85,48,48
unit\zerg\brood,zerg,2,0,408,204,48,48
unit\zerg\bugguy,zerg,3,0,468,246,64,64
unit\zerg\cerebrat,zerg,4,0,6,3,96,128
unit\zerg\chrysal,zerg,5,0,8,4,96,128
unit\zerg\cocoon,zerg,6,0,46,23,96,96
unit\zerg\defiler,zerg,7,0,561,289,80,80
unit\zerg\devour,zerg,8,0,340,170,96,96
unit\zerg\drone,zerg,9,0,629,391,128,128
unit\zerg\egg,zerg,10,0,48,24,96,96
unit\zerg\extract,zerg,11,0,8,4,128,192
unit\zerg\fcolony,zerg,12,0,8,4,128,64
unit\zerg\guardian,zerg,13,0,238,119,96,96
unit\zerg\hatchery,zerg,14,0,12,6,192,160
unit\zerg\hive,zerg,15,0,10,5,192,224
unit\zerg\hydra,zerg,16,0,569,297,128,128
unit\zerg\infest03,zerg,17,0,6,3,128,128
unit\zerg\lair,zerg,18,0,10,5,192,160
unit\zerg\larva,zerg,19,0,170,85,36,36
unit\zerg\lowm\overlord,zerg,20,0,408,204,84,84
unit\zerg\lurkburr,zerg,21,0,472,248,128,128
unit\zerg\LurkEgg,zerg,22,0,40,20,128,128
unit\zerg\lurker,zerg,23,0,68,34,128,128
unit\zerg\lurknorm,zerg,24,0,387,197,128,128
unit\zerg\mutacham,zerg,25,0,8,4,128,192
unit\zerg\mutalid,zerg,26,0,170,85,128,128
unit\zerg\mutapit,zerg,27,0,8,4,128,128
unit\zerg\Mutate,zerg,28,0,30,15,128,128
unit\zerg\nest,zerg,29,0,8,4,96,128
unit\zerg\nyduspit,zerg,30,0,10,5,128,128
unit\zerg\over1,zerg,31,0,8,4,224,160
unit\zerg\over2,zerg,32,0,8,4,224,160
unit\zerg\overlord,zerg,33,0,136,68,84,84
unit\zerg\queen,zerg,34,0,374,187,128,128
unit\zerg\rcluster,zerg,35,0,6,3,160,128
unit\zerg\scolony,zerg,36,0,8,4,128,128
unit\zerg\snakey,zerg,37,0,6,3,160,128
unit\zerg\spire,zerg,38,0,8,4,128,128
unit\zerg\ucereb,zerg,39,0,10,5,160,64
unit\zerg\uikerr,zerg,40,0,544,272,64,64
unit\zerg\uikshad,zerg,41,0,272,0,64,64
unit\zerg\ultra,zerg,42,0,520,265,128,128
unit\zerg\XOvermnd,zerg,43,0,4,0,224,160
unit\zerg\zavbirth,zerg,44,0,14,7,96,160
unit\zerg\zavdeath,zerg,45,0,1,0,36,36
unit\zerg\zavexplo,zerg,46,0,12,9,48,48
unit\zerg\zbgshad,zerg,47,0,238,0,64,64
unit\zerg\zbrdeath,zerg,48,0,5,0,48,48
unit\zerg\zbrshad,zerg,49,0,204,0,48,48
unit\zerg\zbshad,zerg,50,0,31,0,160,192
unit\zerg\zbuild,zerg,51,0,33,31,160,192
unit\zerg\zceshad,zerg,52,0,3,0,128,160
unit\zerg\zchshad,zerg,53,0,4,0,96,128
unit\zerg\zcirglow,zerg,54,0,4,0,100,80
unit\zerg\zdebirth,zerg,55,0,14,7,96,160
unit\zerg\zdedeath,zerg,56,0,6,0,80,80
unit\zerg\zdrbirth,zerg,57,0,14,7,96,160
unit\zerg\zdrdeath,zerg,58,0,5,0,128,128
unit\zerg\zdvDeath,zerg,59,0,2,1,96,96
unit\zerg\zegdeath,zerg,60,0,12,0,96,96
unit\zerg\zegshad,zerg,61,0,30,0,96,96
unit\zerg\zegspawn,zerg,62,0,8,5,96,96
unit\zerg\zergling,zerg,63,0,568,296,128,128
unit\zerg\zfcshad,zerg,64,0,4,0,128,96
unit\zerg\zgudeath,zerg,65,0,1,0,96,96
unit\zerg\zhashad,zerg,66,0,5,0,192,160
unit\zerg\zhishad,zerg,67,0,4,0,192,224
unit\zerg\zhybirth,zerg,68,0,14,7,96,160
unit\zerg\zhydeath,zerg,69,0,4,0,128,128
unit\zerg\zhyshad,zerg,70,0,297,0,128,128
unit\zerg\zladeath,zerg,71,0,9,0,64,64
unit\zerg\zlrshad,zerg,72,0,4,0,192,160
unit\zerg\ZluBirth,zerg,73,0,14,7,128,128
unit\zerg\zlubShad,zerg,74,0,384,0,128,128
unit\zerg\ZluDeath,zerg,75,0,1,0,128,128
unit\zerg\Zlurker,zerg,76,0,1054,595,128,128
unit\zerg\zlurShad,zerg,77,0,187,0,128,128
unit\zerg\zlushad,zerg,78,0,34,0,128,128
unit\zerg\zmarker,zerg,79,0,2,1,100,80
unit\zerg\zmcshad,zerg,80,0,3,0,128,192
unit\zerg\zmhshad,zerg,81,0,4,0,128,128
unit\zerg\zmubirth,zerg,82,0,14,7,96,160
unit\zerg\zmudeath,zerg,83,0,1,0,76,76
unit\zerg\zneshad,zerg,84,0,6,0,96,128
unit\zerg\znyshad,zerg,85,0,4,0,128,128
unit\zerg\zo1shad,zerg,86,0,4,0,224,160
unit\zerg\zo2shad,zerg,87,0,4,0,224,160
unit\zerg\zovbirth,zerg,88,0,14,7,96,160
unit\zerg\zovdeath,zerg,89,0,1,0,72,72
unit\zerg\ZovShad,zerg,90,0,4,0,224,160
unit\zerg\zqubirth,zerg,91,0,14,7,96,160
unit\zerg\zqudeath,zerg,92,0,1,0,96,96
unit\zerg\zrcshad,zerg,93,0,3,0,160,128
unit\zerg\zreshad,zerg,94,0,10,0,128,192
unit\zerg\zsbshad,zerg,95,0,3,0,160,128
unit\zerg\zscshad,zerg,96,0,4,0,128,128
unit\zerg\zspawn01,zerg,97,0,3,0,128,96
unit\zerg\zspawn02,zerg,98,0,3,0,128,128
unit\zerg\zspawn03,zerg,99,0,3,0,160,192
unit\zerg\zspshad,zerg,100,0,3,0,128,128
unit\zerg\zucshad,zerg,101,0,5,0,160,64
unit\zerg\zulbirth,zerg,102,0,14,7,96,160
unit\zerg\zuldeath,zerg,103,0,5,0,128,128
unit\zerg\zulshad,zerg,104,0,255,0,128,128
unit\zerg\zzebirth,zerg,105,0,14,7,96,160
unit\zerg\zzedeath,zerg,106,0,5,0,128,128
unit\zerg\zzeshad,zerg,107,0,289,0,128,128
unit\zerg\zzluShad,zerg,108,0,425,0,128,128
unit\bullet\blastcan,bullet_flingy,0,0,17,0,32,32
unit\bullet\circle14,bullet_flingy,0,17,1,0,32,32
unit\bullet\dragbull,bullet_flingy,0,18,5,0,32,32
unit\bullet\epbbul,bullet_flingy,1,0,13,11,64,64
unit\bullet\ephfire,bullet_flingy,2,0,24,12,48,32
unit\bullet\explo1,bullet_flingy,2,24,10,0,44,59
unit\bullet\eycbull,bullet_flingy,3,0,68,0,96,96
unit\bullet\gemini,bullet_flingy,4,0,33,17,36,36
unit\bullet\grenade,bullet_flingy,5,0,4,0,16,16
unit\bullet\hks,bullet_flingy,5,4,17,0,20,20
unit\bullet\missile,bullet_flingy,5,21,22,17,32,32
unit\bullet\parasite,bullet_flingy,6,0,34,17,20,20
unit\bullet\pdriphit,bullet_flingy,7,0,6,0,52,52
unit\bullet\psibeam,bullet_flingy,8,0,27,0,32,32
unit\bullet\pspark,bullet_flingy,9,0,8,0,40,40
unit\bullet\scvspark,bullet_flingy,10,0,10,0,48,48
unit\bullet\shockbmb,bullet_flingy,11,0,51,0,32,32
unit\bullet\smmissle,bullet_flingy,12,0,17,0,32,32
unit\bullet\Spike,bullet_flingy,12,17,7,0,128,128
unit\bullet\spore2,bullet_flingy,12,24,4,0,24,24
unit\bullet\spores,bullet_flingy,12,28,10,0,36,36
unit\bullet\squib1,bullet_flingy,13,0,68,0,36,28
unit\bullet\squib2,bullet_flingy,14,0,68,0,36,28
unit\bullet\tentacle,bullet_flingy,15,0,6,0,128,128
unit\bullet\tspark,bullet_flingy,16,0,135,0,40,40
unit\bullet\zspark,bullet_flingy,17,0,8,0,40,40
unit\flingy\pg1deb,bullet_flingy,17,8,85,0,16,16
unit\flingy\pg2deb,bullet_flingy,18,0,85,0,44,34
unit\flingy\pg3deb,bullet_flingy,19,0,85,0,32,32
unit\flingy\pg4deb,bullet_flingy,20,0,85,0,64,64
unit\flingy\pg5deb,bullet_flingy,21,0,85,0,36,36
unit\flingy\pscdeb,bullet_flingy,22,0,85,0,40,30
unit\flingy\tg5deb,bullet_flingy,23,0,13,0,8,8
